Player: Cuzz - Showing Values Per Game_90 Total Games Played on 20 Champions (On ⁠⁠KDF)_Champion,Player: Cuzz - Showing Values Per Game_90 Total Games Played on 20 Champions (On ⁠⁠KDF)_G,Player: Cuzz - Showing Values Per Game_90 Total Games Played on 20 Champions (On ⁠⁠KDF)_W,Player: Cuzz - Showing Values Per Game_90 Total Games Played on 20 Champions (On ⁠⁠KDF)_L,Player: Cuzz - Showing Values Per Game_90 Total Games Played on 20 Champions (On ⁠⁠KDF)_WR,Player: Cuzz - Showing Values Per Game_90 Total Games Played on 20 Champions (On ⁠⁠KDF)_K,Player: Cuzz - Showing Values Per Game_90 Total Games Played on 20 Champions (On ⁠⁠KDF)_D,Player: Cuzz - Showing Values Per Game_90 Total Games Played on 20 Champions (On ⁠⁠KDF)_A,Player: Cuzz - Showing Values Per Game_90 Total Games Played on 20 Champions (On ⁠⁠KDF)_KDA,Player: Cuzz - Showing Values Per Game_90 Total Games Played on 20 Champions (On ⁠⁠KDF)_CS,Player: Cuzz - Showing Values Per Game_90 Total Games Played on 20 Champions (On ⁠⁠KDF)_CS/M,Player: Cuzz - Showing Values Per Game_90 Total Games Played on 20 Champions (On ⁠⁠KDF)_VS,Player: Cuzz - Showing Values Per Game_90 Total Games Played on 20 Champions (On ⁠⁠KDF)_VS/M,Player: Cuzz - Showing Values Per Game_90 Total Games Played on 20 Champions (On ⁠⁠KDF)_G.1,Player: Cuzz - Showing Values Per Game_90 Total Games Played on 20 Champions (On ⁠⁠KDF)_G/M,Player: Cuzz - Showing Values Per Game_90 Total Games Played on 20 Champions (On ⁠⁠KDF)_DMG,Player: Cuzz - Showing Values Per Game_90 Total Games Played on 20 Champions (On ⁠⁠KDF)_DMG/M,Player: Cuzz - Showing Values Per Game_90 Total Games Played on 20 Champions (On ⁠⁠KDF)_KPAR,Player: Cuzz - Showing Values Per Game_90 Total Games Played on 20 Champions (On ⁠⁠KDF)_KS,Player: Cuzz - Showing Values Per Game_90 Total Games Played on 20 Champions (On ⁠⁠KDF)_GS,Player,Role,Team,Player: Bdd - Showing Values Per Game_105 Total Games Played on 18 Champions (On ⁠⁠KT)_Champion,Player: Bdd - Showing Values Per Game_105 Total Games Played on 18 Champions (On ⁠⁠KT)_G,Player: Bdd - Showing Values Per Game_105 Total Games Played on 18 Champions (On ⁠⁠KT)_W,Player: Bdd - Showing Values Per Game_105 Total Games Played on 18 Champions (On ⁠⁠KT)_L,Player: Bdd - Showing Values Per Game_105 Total Games Played on 18 Champions (On ⁠⁠KT)_WR,Player: Bdd - Showing Values Per Game_105 Total Games Played on 18 Champions (On ⁠⁠KT)_K,Player: Bdd - Showing Values Per Game_105 Total Games Played on 18 Champions (On ⁠⁠KT)_D,Player: Bdd - Showing Values Per Game_105 Total Games Played on 18 Champions (On ⁠⁠KT)_A,Player: Bdd - Showing Values Per Game_105 Total Games Played on 18 Champions (On ⁠⁠KT)_KDA,Player: Bdd - Showing Values Per Game_105 Total Games Played on 18 Champions (On ⁠⁠KT)_CS,Player: Bdd - Showing Values Per Game_105 Total Games Played on 18 Champions (On ⁠⁠KT)_CS/M,Player: Bdd - Showing Values Per Game_105 Total Games Played on 18 Champions (On ⁠⁠KT)_VS,Player: Bdd - Showing Values Per Game_105 Total Games Played on 18 Champions (On ⁠⁠KT)_VS/M,Player: Bdd - Showing Values Per Game_105 Total Games Played on 18 Champions (On ⁠⁠KT)_G.1,Player: Bdd - Showing Values Per Game_105 Total Games Played on 18 Champions (On ⁠⁠KT)_G/M,Player: Bdd - Showing Values Per Game_105 Total Games Played on 18 Champions (On ⁠⁠KT)_DMG,Player: Bdd - Showing Values Per Game_105 Total Games Played on 18 Champions (On ⁠⁠KT)_DMG/M,Player: Bdd - Showing Values Per Game_105 Total Games Played on 18 Champions (On ⁠⁠KT)_KPAR,Player: Bdd - Showing Values Per Game_105 Total Games Played on 18 Champions (On ⁠⁠KT)_KS,Player: Bdd - Showing Values Per Game_105 Total Games Played on 18 Champions (On ⁠⁠KT)_GS,Player: deokdam - Showing Values Per Game_86 Total Games Played on 20 Champions (On ⁠⁠FPX)_Champion,Player: deokdam - Showing Values Per Game_86 Total Games Played on 20 Champions (On ⁠⁠FPX)_G,Player: deokdam - Showing Values Per Game_86 Total Games Played on 20 Champions (On ⁠⁠FPX)_W,Player: deokdam - Showing Values Per Game_86 Total Games Played on 20 Champions (On ⁠⁠FPX)_L,Player: deokdam - Showing Values Per Game_86 Total Games Played on 20 Champions (On ⁠⁠FPX)_WR,Player: deokdam - Showing Values Per Game_86 Total Games Played on 20 Champions (On ⁠⁠FPX)_K,Player: deokdam - Showing Values Per Game_86 Total Games Played on 20 Champions (On ⁠⁠FPX)_D,Player: deokdam - Showing Values Per Game_86 Total Games Played on 20 Champions (On ⁠⁠FPX)_A,Player: deokdam - Showing Values Per Game_86 Total Games Played on 20 Champions (On ⁠⁠FPX)_KDA,Player: deokdam - Showing Values Per Game_86 Total Games Played on 20 Champions (On ⁠⁠FPX)_CS,Player: deokdam - Showing Values Per Game_86 Total Games Played on 20 Champions (On ⁠⁠FPX)_CS/M,Player: deokdam - Showing Values Per Game_86 Total Games Played on 20 Champions (On ⁠⁠FPX)_VS,Player: deokdam - Showing Values Per Game_86 Total Games Played on 20 Champions (On ⁠⁠FPX)_VS/M,Player: deokdam - Showing Values Per Game_86 Total Games Played on 20 Champions (On ⁠⁠FPX)_G.1,Player: deokdam - Showing Values Per Game_86 Total Games Played on 20 Champions (On ⁠⁠FPX)_G/M,Player: deokdam - Showing Values Per Game_86 Total Games Played on 20 Champions (On ⁠⁠FPX)_DMG,Player: deokdam - Showing Values Per Game_86 Total Games Played on 20 Champions (On ⁠⁠FPX)_DMG/M,Player: deokdam - Showing Values Per Game_86 Total Games Played on 20 Champions (On ⁠⁠FPX)_KPAR,Player: deokdam - Showing Values Per Game_86 Total Games Played on 20 Champions (On ⁠⁠FPX)_KS,Player: deokdam - Showing Values Per Game_86 Total Games Played on 20 Champions (On ⁠⁠FPX)_GS,Player: Oner - Showing Values Per Game_174 Total Games Played on 22 Champions (On ⁠⁠T1)_Champion,Player: Oner - Showing Values Per Game_174 Total Games Played on 22 Champions (On ⁠⁠T1)_G,Player: Oner - Showing Values Per Game_174 Total Games Played on 22 Champions (On ⁠⁠T1)_W,Player: Oner - Showing Values Per Game_174 Total Games Played on 22 Champions (On ⁠⁠T1)_L,Player: Oner - Showing Values Per Game_174 Total Games Played on 22 Champions (On ⁠⁠T1)_WR,Player: Oner - Showing Values Per Game_174 Total Games Played on 22 Champions (On ⁠⁠T1)_K,Player: Oner - Showing Values Per Game_174 Total Games Played on 22 Champions (On ⁠⁠T1)_D,Player: Oner - Showing Values Per Game_174 Total Games Played on 22 Champions (On ⁠⁠T1)_A,Player: Oner - Showing Values Per Game_174 Total Games Played on 22 Champions (On ⁠⁠T1)_KDA,Player: Oner - Showing Values Per Game_174 Total Games Played on 22 Champions (On ⁠⁠T1)_CS,Player: Oner - Showing Values Per Game_174 Total Games Played on 22 Champions (On ⁠⁠T1)_CS/M,Player: Oner - Showing Values Per Game_174 Total Games Played on 22 Champions (On ⁠⁠T1)_VS,Player: Oner - Showing Values Per Game_174 Total Games Played on 22 Champions (On ⁠⁠T1)_VS/M,Player: Oner - Showing Values Per Game_174 Total Games Played on 22 Champions (On ⁠⁠T1)_G.1,Player: Oner - Showing Values Per Game_174 Total Games Played on 22 Champions (On ⁠⁠T1)_G/M,Player: Oner - Showing Values Per Game_174 Total Games Played on 22 Champions (On ⁠⁠T1)_DMG,Player: Oner - Showing Values Per Game_174 Total Games Played on 22 Champions (On ⁠⁠T1)_DMG/M,Player: Oner - Showing Values Per Game_174 Total Games Played on 22 Champions (On ⁠⁠T1)_KPAR,Player: Oner - Showing Values Per Game_174 Total Games Played on 22 Champions (On ⁠⁠T1)_KS,Player: Oner - Showing Values Per Game_174 Total Games Played on 22 Champions (On ⁠⁠T1)_GS,Player: Faker - Showing Values Per Game_176 Total Games Played on 24 Champions (On ⁠⁠T1)_Champion,Player: Faker - Showing Values Per Game_176 Total Games Played on 24 Champions (On ⁠⁠T1)_G,Player: Faker - Showing Values Per Game_176 Total Games Played on 24 Champions (On ⁠⁠T1)_W,Player: Faker - Showing Values Per Game_176 Total Games Played on 24 Champions (On ⁠⁠T1)_L,Player: Faker - Showing Values Per Game_176 Total Games Played on 24 Champions (On ⁠⁠T1)_WR,Player: Faker - Showing Values Per Game_176 Total Games Played on 24 Champions (On ⁠⁠T1)_K,Player: Faker - Showing Values Per Game_176 Total Games Played on 24 Champions (On ⁠⁠T1)_D,Player: Faker - Showing Values Per Game_176 Total Games Played on 24 Champions (On ⁠⁠T1)_A,Player: Faker - Showing Values Per Game_176 Total Games Played on 24 Champions (On ⁠⁠T1)_KDA,Player: Faker - Showing Values Per Game_176 Total Games Played on 24 Champions (On ⁠⁠T1)_CS,Player: Faker - Showing Values Per Game_176 Total Games Played on 24 Champions (On ⁠⁠T1)_CS/M,Player: Faker - Showing Values Per Game_176 Total Games Played on 24 Champions (On ⁠⁠T1)_VS,Player: Faker - Showing Values Per Game_176 Total Games Played on 24 Champions (On ⁠⁠T1)_VS/M,Player: Faker - Showing Values Per Game_176 Total Games Played on 24 Champions (On ⁠⁠T1)_G.1,Player: Faker - Showing Values Per Game_176 Total Games Played on 24 Champions (On ⁠⁠T1)_G/M,Player: Faker - Showing Values Per Game_176 Total Games Played on 24 Champions (On ⁠⁠T1)_DMG,Player: Faker - Showing Values Per Game_176 Total Games Played on 24 Champions (On ⁠⁠T1)_DMG/M,Player: Faker - Showing Values Per Game_176 Total Games Played on 24 Champions (On ⁠⁠T1)_KPAR,Player: Faker - Showing Values Per Game_176 Total Games Played on 24 Champions (On ⁠⁠T1)_KS,Player: Faker - Showing Values Per Game_176 Total Games Played on 24 Champions (On ⁠⁠T1)_GS,Player: Gumayusi - Showing Values Per Game_176 Total Games Played on 22 Champions (On ⁠⁠T1)_Champion,Player: Gumayusi - Showing Values Per Game_176 Total Games Played on 22 Champions (On ⁠⁠T1)_G,Player: Gumayusi - Showing Values Per Game_176 Total Games Played on 22 Champions (On ⁠⁠T1)_W,Player: Gumayusi - Showing Values Per Game_176 Total Games Played on 22 Champions (On ⁠⁠T1)_L,Player: Gumayusi - Showing Values Per Game_176 Total Games Played on 22 Champions (On ⁠⁠T1)_WR,Player: Gumayusi - Showing Values Per Game_176 Total Games Played on 22 Champions (On ⁠⁠T1)_K,Player: Gumayusi - Showing Values Per Game_176 Total Games Played on 22 Champions (On ⁠⁠T1)_D,Player: Gumayusi - Showing Values Per Game_176 Total Games Played on 22 Champions (On ⁠⁠T1)_A,Player: Gumayusi - Showing Values Per Game_176 Total Games Played on 22 Champions (On ⁠⁠T1)_KDA,Player: Gumayusi - Showing Values Per Game_176 Total Games Played on 22 Champions (On ⁠⁠T1)_CS,Player: Gumayusi - Showing Values Per Game_176 Total Games Played on 22 Champions (On ⁠⁠T1)_CS/M,Player: Gumayusi - Showing Values Per Game_176 Total Games Played on 22 Champions (On ⁠⁠T1)_VS,Player: Gumayusi - Showing Values Per Game_176 Total Games Played on 22 Champions (On ⁠⁠T1)_VS/M,Player: Gumayusi - Showing Values Per Game_176 Total Games Played on 22 Champions (On ⁠⁠T1)_G.1,Player: Gumayusi - Showing Values Per Game_176 Total Games Played on 22 Champions (On ⁠⁠T1)_G/M,Player: Gumayusi - Showing Values Per Game_176 Total Games Played on 22 Champions (On ⁠⁠T1)_DMG,Player: Gumayusi - Showing Values Per Game_176 Total Games Played on 22 Champions (On ⁠⁠T1)_DMG/M,Player: Gumayusi - Showing Values Per Game_176 Total Games Played on 22 Champions (On ⁠⁠T1)_KPAR,Player: Gumayusi - Showing Values Per Game_176 Total Games Played on 22 Champions (On ⁠⁠T1)_KS,Player: Gumayusi - Showing Values Per Game_176 Total Games Played on 22 Champions (On ⁠⁠T1)_GS,Player: Keria - Showing Values Per Game_176 Total Games Played on 34 Champions (On ⁠⁠T1)_Champion,Player: Keria - Showing Values Per Game_176 Total Games Played on 34 Champions (On ⁠⁠T1)_G,Player: Keria - Showing Values Per Game_176 Total Games Played on 34 Champions (On ⁠⁠T1)_W,Player: Keria - Showing Values Per Game_176 Total Games Played on 34 Champions (On ⁠⁠T1)_L,Player: Keria - Showing Values Per Game_176 Total Games Played on 34 Champions (On ⁠⁠T1)_WR,Player: Keria - Showing Values Per Game_176 Total Games Played on 34 Champions (On ⁠⁠T1)_K,Player: Keria - Showing Values Per Game_176 Total Games Played on 34 Champions (On ⁠⁠T1)_D,Player: Keria - Showing Values Per Game_176 Total Games Played on 34 Champions (On ⁠⁠T1)_A,Player: Keria - Showing Values Per Game_176 Total Games Played on 34 Champions (On ⁠⁠T1)_KDA,Player: Keria - Showing Values Per Game_176 Total Games Played on 34 Champions (On ⁠⁠T1)_CS,Player: Keria - Showing Values Per Game_176 Total Games Played on 34 Champions (On ⁠⁠T1)_CS/M,Player: Keria - Showing Values Per Game_176 Total Games Played on 34 Champions (On ⁠⁠T1)_VS,Player: Keria - Showing Values Per Game_176 Total Games Played on 34 Champions (On ⁠⁠T1)_VS/M,Player: Keria - Showing Values Per Game_176 Total Games Played on 34 Champions (On ⁠⁠T1)_G.1,Player: Keria - Showing Values Per Game_176 Total Games Played on 34 Champions (On ⁠⁠T1)_G/M,Player: Keria - Showing Values Per Game_176 Total Games Played on 34 Champions (On ⁠⁠T1)_DMG,Player: Keria - Showing Values Per Game_176 Total Games Played on 34 Champions (On ⁠⁠T1)_DMG/M,Player: Keria - Showing Values Per Game_176 Total Games Played on 34 Champions (On ⁠⁠T1)_KPAR,Player: Keria - Showing Values Per Game_176 Total Games Played on 34 Champions (On ⁠⁠T1)_KS,Player: Keria - Showing Values Per Game_176 Total Games Played on 34 Champions (On ⁠⁠T1)_GS
Viego,13,5,8,38.5%,2.23,2.31,4.31,2.83,201.08,6.57,53.69,1.75,10.5,344,8.7k,284.9,75.9%,25.9%,19.6%,Cuzz,JUNGLE,KT Rolster,,,,,,,,,,,,,,,,,,,,,,,,,,,,,,,,,,,,,,,,,,,,,,,,,,,,,,,,,,,,,,,,,,,,,,,,,,,,,,,,,,,,,,,,,,,,,,,,,,,,,,,,,,,,,,,,,,,,,,,,
Sejuani,12,2,10,16.7%,1.58,2.42,5.58,2.97,207.92,6.4,59.67,1.84,10.6,327,9k,277.8,84.3%,18.6%,18.8%,Cuzz,JUNGLE,KT Rolster,,,,,,,,,,,,,,,,,,,,,,,,,,,,,,,,,,,,,,,,,,,,,,,,,,,,,,,,,,,,,,,,,,,,,,,,,,,,,,,,,,,,,,,,,,,,,,,,,,,,,,,,,,,,,,,,,,,,,,,,
Nidalee,11,9,2,81.8%,2.64,1.55,7.91,6.82,244.64,7.64,73.09,2.28,12.4,387,20.1k,628.5,81.1%,20.3%,19.8%,Cuzz,JUNGLE,KT Rolster,,,,,,,,,,,,,,,,,,,,,,,,,,,,,,,,,,,,,,,,,,,,,,,,,,,,,,,,,,,,,,,,,,,,,,,,,,,,,,,,,,,,,,,,,,,,,,,,,,,,,,,,,,,,,,,,,,,,,,,,
Lee Sin,10,7,3,70%,3.0,3.0,7.5,3.5,224.9,6.32,68.5,1.92,12.8,359,12.2k,342.2,70.5%,20.1%,18.9%,Cuzz,JUNGLE,KT Rolster,,,,,,,,,,,,,,,,,,,,,,,,,,,,,,,,,,,,,,,,,,,,,,,,,,,,,,,,,,,,,,,,,,,,,,,,,,,,,,,,,,,,,,,,,,,,,,,,,,,,,,,,,,,,,,,,,,,,,,,,
Maokai,9,7,2,77.8%,1.44,2.22,10.67,5.45,213.44,6.16,61.22,1.77,11.7,337,19.5k,561.5,77.9%,9.3%,17.3%,Cuzz,JUNGLE,KT Rolster,,,,,,,,,,,,,,,,,,,,,,,,,,,,,,,,,,,,,,,,,,,,,,,,,,,,,,,,,,,,,,,,,,,,,,,,,,,,,,,,,,,,,,,,,,,,,,,,,,,,,,,,,,,,,,,,,,,,,,,,
Vi,9,2,7,22.2%,1.67,4.33,5.0,1.54,183.56,6.12,51.78,1.73,9.7,324,7.9k,263.6,60.6%,15.2%,18.4%,Cuzz,JUNGLE,KT Rolster,,,,,,,,,,,,,,,,,,,,,,,,,,,,,,,,,,,,,,,,,,,,,,,,,,,,,,,,,,,,,,,,,,,,,,,,,,,,,,,,,,,,,,,,,,,,,,,,,,,,,,,,,,,,,,,,,,,,,,,,
Zyra,6,2,4,33.3%,1.5,2.5,6.17,3.07,244.67,7.15,54.5,1.59,12,350,25.2k,736.9,75.4%,14.8%,19.2%,Cuzz,JUNGLE,KT Rolster,,,,,,,,,,,,,,,,,,,,,,,,,,,,,,,,,,,,,,,,,,,,,,,,,,,,,,,,,,,,,,,,,,,,,,,,,,,,,,,,,,,,,,,,,,,,,,,,,,,,,,,,,,,,,,,,,,,,,,,,
Rell,4,1,3,25%,0.75,3.5,7.75,2.43,147.0,4.87,40.75,1.35,8.9,294,4.9k,162.5,87.2%,7.7%,16.6%,Cuzz,JUNGLE,KT Rolster,,,,,,,,,,,,,,,,,,,,,,,,,,,,,,,,,,,,,,,,,,,,,,,,,,,,,,,,,,,,,,,,,,,,,,,,,,,,,,,,,,,,,,,,,,,,,,,,,,,,,,,,,,,,,,,,,,,,,,,,
Morgana,2,1,1,50%,2.5,4.0,5.5,2,256.5,6.58,106.5,2.73,14.2,365,25k,640.6,80%,25%,20%,Cuzz,JUNGLE,KT Rolster,,,,,,,,,,,,,,,,,,,,,,,,,,,,,,,,,,,,,,,,,,,,,,,,,,,,,,,,,,,,,,,,,,,,,,,,,,,,,,,,,,,,,,,,,,,,,,,,,,,,,,,,,,,,,,,,,,,,,,,,
Poppy,2,1,1,50%,0.5,1.5,5.0,3.67,184.5,6.5,43.5,1.53,9.1,319,8.2k,289.4,68.8%,6.3%,18%,Cuzz,JUNGLE,KT Rolster,,,,,,,,,,,,,,,,,,,,,,,,,,,,,,,,,,,,,,,,,,,,,,,,,,,,,,,,,,,,,,,,,,,,,,,,,,,,,,,,,,,,,,,,,,,,,,,,,,,,,,,,,,,,,,,,,,,,,,,,
Volibear,2,0,2,0%,2.0,6.5,4.0,0.92,169.0,4.95,55.5,1.62,10.6,312,11.6k,339.4,70.6%,23.5%,19%,Cuzz,JUNGLE,KT Rolster,,,,,,,,,,,,,,,,,,,,,,,,,,,,,,,,,,,,,,,,,,,,,,,,,,,,,,,,,,,,,,,,,,,,,,,,,,,,,,,,,,,,,,,,,,,,,,,,,,,,,,,,,,,,,,,,,,,,,,,,
Zac,2,0,2,0%,1.5,3.0,2.5,1.33,125.5,5.44,18.5,0.8,7.2,312,8.8k,382.2,53.3%,20%,18.8%,Cuzz,JUNGLE,KT Rolster,,,,,,,,,,,,,,,,,,,,,,,,,,,,,,,,,,,,,,,,,,,,,,,,,,,,,,,,,,,,,,,,,,,,,,,,,,,,,,,,,,,,,,,,,,,,,,,,,,,,,,,,,,,,,,,,,,,,,,,,
Nocturne,1,1,0,100%,2.0,0.0,7.0,9,247.0,6.97,116.0,3.28,12.2,343,10k,283.3,75%,16.7%,18.2%,Cuzz,JUNGLE,KT Rolster,,,,,,,,,,,,,,,,,,,,,,,,,,,,,,,,,,,,,,,,,,,,,,,,,,,,,,,,,,,,,,,,,,,,,,,,,,,,,,,,,,,,,,,,,,,,,,,,,,,,,,,,,,,,,,,,,,,,,,,,
Trundle,1,1,0,100%,1.0,5.0,10.0,2.2,220.0,5.18,107.0,2.52,14.3,336,10k,235.1,61.1%,5.6%,16.2%,Cuzz,JUNGLE,KT Rolster,,,,,,,,,,,,,,,,,,,,,,,,,,,,,,,,,,,,,,,,,,,,,,,,,,,,,,,,,,,,,,,,,,,,,,,,,,,,,,,,,,,,,,,,,,,,,,,,,,,,,,,,,,,,,,,,,,,,,,,,
Brand,1,0,1,0%,4.0,3.0,4.0,2.67,204.0,6.29,107.0,3.3,11.5,353,20.6k,633.9,72.7%,36.4%,20.4%,Cuzz,JUNGLE,KT Rolster,,,,,,,,,,,,,,,,,,,,,,,,,,,,,,,,,,,,,,,,,,,,,,,,,,,,,,,,,,,,,,,,,,,,,,,,,,,,,,,,,,,,,,,,,,,,,,,,,,,,,,,,,,,,,,,,,,,,,,,,
Ivern,1,0,1,0%,0.0,3.0,5.0,1.67,149.0,5.31,62.0,2.21,8.8,313,5.7k,204.5,100%,0%,18.8%,Cuzz,JUNGLE,KT Rolster,,,,,,,,,,,,,,,,,,,,,,,,,,,,,,,,,,,,,,,,,,,,,,,,,,,,,,,,,,,,,,,,,,,,,,,,,,,,,,,,,,,,,,,,,,,,,,,,,,,,,,,,,,,,,,,,,,,,,,,,
Jarvan IV,1,0,1,0%,2.0,4.0,8.0,2.5,182.0,5.33,57.0,1.67,10.8,315,9.4k,275.7,90.9%,18.2%,18.5%,Cuzz,JUNGLE,KT Rolster,,,,,,,,,,,,,,,,,,,,,,,,,,,,,,,,,,,,,,,,,,,,,,,,,,,,,,,,,,,,,,,,,,,,,,,,,,,,,,,,,,,,,,,,,,,,,,,,,,,,,,,,,,,,,,,,,,,,,,,,
Jax,1,0,1,0%,1.0,6.0,2.0,0.5,165.0,5.84,50.0,1.77,8.5,302,8.5k,302.6,42.9%,14.3%,18.5%,Cuzz,JUNGLE,KT Rolster,,,,,,,,,,,,,,,,,,,,,,,,,,,,,,,,,,,,,,,,,,,,,,,,,,,,,,,,,,,,,,,,,,,,,,,,,,,,,,,,,,,,,,,,,,,,,,,,,,,,,,,,,,,,,,,,,,,,,,,,
Lillia,1,0,1,0%,2.0,2.0,2.0,2,238.0,8.31,68.0,2.37,10.5,367,10.8k,377.3,100%,50%,21.7%,Cuzz,JUNGLE,KT Rolster,,,,,,,,,,,,,,,,,,,,,,,,,,,,,,,,,,,,,,,,,,,,,,,,,,,,,,,,,,,,,,,,,,,,,,,,,,,,,,,,,,,,,,,,,,,,,,,,,,,,,,,,,,,,,,,,,,,,,,,,
Shyvana,1,0,1,0%,0.0,5.0,3.0,0.6,179.0,7.25,39.0,1.58,7.9,320,9.3k,376,60%,0%,18.9%,Cuzz,JUNGLE,KT Rolster,,,,,,,,,,,,,,,,,,,,,,,,,,,,,,,,,,,,,,,,,,,,,,,,,,,,,,,,,,,,,,,,,,,,,,,,,,,,,,,,,,,,,,,,,,,,,,,,,,,,,,,,,,,,,,,,,,,,,,,,
Overall:,-,-,-,-,1.91,2.8,6.32,2.94,208.14,6.44,60.71,1.88,11.1,342,13k,403.7,75.2%,17.4%,18.8%,Cuzz,JUNGLE,KT Rolster,,,,,,,,,,,,,,,,,,,,,,,,,,,,,,,,,,,,,,,,,,,,,,,,,,,,,,,,,,,,,,,,,,,,,,,,,,,,,,,,,,,,,,,,,,,,,,,,,,,,,,,,,,,,,,,,,,,,,,,,
Total:,90,39,51,43.3%,172.0,252.0,569.0,-,18733.0,-,5464.0,-,994.9k,-,1173.7k,-,-,-,-,Cuzz,JUNGLE,KT Rolster,,,,,,,,,,,,,,,,,,,,,,,,,,,,,,,,,,,,,,,,,,,,,,,,,,,,,,,,,,,,,,,,,,,,,,,,,,,,,,,,,,,,,,,,,,,,,,,,,,,,,,,,,,,,,,,,,,,,,,,,
,,,,,,,,,,,,,,,,,,,,Bdd,MID,KT Rolster,Corki,18,8,10,44.4%,4.39,2.11,4.39,4.16,314.67,9.83,35.78,1.12,14.6,457,25.3k,790.4,77.5%,38.7%,25.4%,,,,,,,,,,,,,,,,,,,,,,,,,,,,,,,,,,,,,,,,,,,,,,,,,,,,,,,,,,,,,,,,,,,,,,,,,,,,,,,,,,,,,,,,,,,,,,,,,,,,
,,,,,,,,,,,,,,,,,,,,Bdd,MID,KT Rolster,Taliyah,17,10,7,58.8%,3.65,2.24,8.24,5.32,285.29,8.74,37.06,1.14,13.3,406,21.2k,650,73.5%,22.5%,21.6%,,,,,,,,,,,,,,,,,,,,,,,,,,,,,,,,,,,,,,,,,,,,,,,,,,,,,,,,,,,,,,,,,,,,,,,,,,,,,,,,,,,,,,,,,,,,,,,,,,,,
,,,,,,,,,,,,,,,,,,,,Bdd,MID,KT Rolster,Azir,15,8,7,53.3%,2.6,2.13,5.07,3.59,288.93,9.25,39.0,1.25,12.7,407,20.3k,649.6,70.6%,23.9%,22.4%,,,,,,,,,,,,,,,,,,,,,,,,,,,,,,,,,,,,,,,,,,,,,,,,,,,,,,,,,,,,,,,,,,,,,,,,,,,,,,,,,,,,,,,,,,,,,,,,,,,,
,,,,,,,,,,,,,,,,,,,,Bdd,MID,KT Rolster,Orianna,14,9,5,64.3%,2.86,1.79,8.21,6.2,308.0,8.62,45.0,1.26,14.3,401,19.5k,546.5,78.3%,20.2%,21.8%,,,,,,,,,,,,,,,,,,,,,,,,,,,,,,,,,,,,,,,,,,,,,,,,,,,,,,,,,,,,,,,,,,,,,,,,,,,,,,,,,,,,,,,,,,,,,,,,,,,,
,,,,,,,,,,,,,,,,,,,,Bdd,MID,KT Rolster,Yone,8,4,4,50%,3.88,2.0,7.13,5.5,277.38,8.91,31.13,1,12.8,412,20.5k,659.7,77.9%,27.4%,22.9%,,,,,,,,,,,,,,,,,,,,,,,,,,,,,,,,,,,,,,,,,,,,,,,,,,,,,,,,,,,,,,,,,,,,,,,,,,,,,,,,,,,,,,,,,,,,,,,,,,,,
,,,,,,,,,,,,,,,,,,,,Bdd,MID,KT Rolster,Tristana,6,3,3,50%,4.5,2.33,3.83,3.57,368.0,9.76,61.0,1.62,16.9,448,24.5k,650,64.9%,35.1%,24.4%,,,,,,,,,,,,,,,,,,,,,,,,,,,,,,,,,,,,,,,,,,,,,,,,,,,,,,,,,,,,,,,,,,,,,,,,,,,,,,,,,,,,,,,,,,,,,,,,,,,,
,,,,,,,,,,,,,,,,,,,,Bdd,MID,KT Rolster,Smolder,5,2,3,40%,6.4,1.8,3.4,5.44,377.2,10.23,42.4,1.15,16.9,459,36.8k,998.6,75.4%,49.2%,26.2%,,,,,,,,,,,,,,,,,,,,,,,,,,,,,,,,,,,,,,,,,,,,,,,,,,,,,,,,,,,,,,,,,,,,,,,,,,,,,,,,,,,,,,,,,,,,,,,,,,,,
,,,,,,,,,,,,,,,,,,,,Bdd,MID,KT Rolster,Lucian,4,2,2,50%,6.0,2.75,5.75,4.27,328.75,9.83,50.75,1.52,15.4,460,25.9k,773.6,68.1%,34.8%,24.6%,,,,,,,,,,,,,,,,,,,,,,,,,,,,,,,,,,,,,,,,,,,,,,,,,,,,,,,,,,,,,,,,,,,,,,,,,,,,,,,,,,,,,,,,,,,,,,,,,,,,
,,,,,,,,,,,,,,,,,,,,Bdd,MID,KT Rolster,Syndra,3,3,0,100%,6.33,1.33,8.67,11.25,292.67,8.85,36.33,1.1,14.4,437,21.7k,656.3,75%,31.7%,22.3%,,,,,,,,,,,,,,,,,,,,,,,,,,,,,,,,,,,,,,,,,,,,,,,,,,,,,,,,,,,,,,,,,,,,,,,,,,,,,,,,,,,,,,,,,,,,,,,,,,,,
,,,,,,,,,,,,,,,,,,,,Bdd,MID,KT Rolster,Veigar,3,2,1,66.7%,5.67,2.0,8.0,6.83,319.67,8.27,48.33,1.25,15.4,398,27.8k,720.5,68.3%,28.3%,22.1%,,,,,,,,,,,,,,,,,,,,,,,,,,,,,,,,,,,,,,,,,,,,,,,,,,,,,,,,,,,,,,,,,,,,,,,,,,,,,,,,,,,,,,,,,,,,,,,,,,,,
,,,,,,,,,,,,,,,,,,,,Bdd,MID,KT Rolster,Ahri,2,1,1,50%,5.5,2.5,5.0,4.2,237.0,9.25,31.0,1.21,11.2,437,20.6k,804.3,65.6%,34.4%,22.7%,,,,,,,,,,,,,,,,,,,,,,,,,,,,,,,,,,,,,,,,,,,,,,,,,,,,,,,,,,,,,,,,,,,,,,,,,,,,,,,,,,,,,,,,,,,,,,,,,,,,
,,,,,,,,,,,,,,,,,,,,Bdd,MID,KT Rolster,Annie,2,1,1,50%,3.0,2.0,7.0,5,225.5,7.61,30.0,1.01,11.1,375,20.5k,692.8,95.2%,28.6%,21.3%,,,,,,,,,,,,,,,,,,,,,,,,,,,,,,,,,,,,,,,,,,,,,,,,,,,,,,,,,,,,,,,,,,,,,,,,,,,,,,,,,,,,,,,,,,,,,,,,,,,,
,,,,,,,,,,,,,,,,,,,,Bdd,MID,KT Rolster,Jayce,2,1,1,50%,4.5,2.5,3.0,3,278.5,8.91,41.0,1.31,12.9,413,22.2k,709.4,75%,45%,24.1%,,,,,,,,,,,,,,,,,,,,,,,,,,,,,,,,,,,,,,,,,,,,,,,,,,,,,,,,,,,,,,,,,,,,,,,,,,,,,,,,,,,,,,,,,,,,,,,,,,,,
,,,,,,,,,,,,,,,,,,,,Bdd,MID,KT Rolster,Karma,2,1,1,50%,1.5,2.5,7.0,3.4,235.0,8.46,27.5,0.99,10.6,381,17.1k,615.3,85%,15%,20.9%,,,,,,,,,,,,,,,,,,,,,,,,,,,,,,,,,,,,,,,,,,,,,,,,,,,,,,,,,,,,,,,,,,,,,,,,,,,,,,,,,,,,,,,,,,,,,,,,,,,,
,,,,,,,,,,,,,,,,,,,,Bdd,MID,KT Rolster,Akali,1,0,1,0%,3.0,4.0,2.0,1.25,160.0,7.55,14.0,0.66,8,379,11.3k,530.8,83.3%,50%,23.3%,,,,,,,,,,,,,,,,,,,,,,,,,,,,,,,,,,,,,,,,,,,,,,,,,,,,,,,,,,,,,,,,,,,,,,,,,,,,,,,,,,,,,,,,,,,,,,,,,,,,
,,,,,,,,,,,,,,,,,,,,Bdd,MID,KT Rolster,Aurelion Sol,1,0,1,0%,1.0,1.0,1.0,2,276.0,8.51,25.0,0.77,12.5,385,15.6k,480.5,66.7%,33.3%,23.3%,,,,,,,,,,,,,,,,,,,,,,,,,,,,,,,,,,,,,,,,,,,,,,,,,,,,,,,,,,,,,,,,,,,,,,,,,,,,,,,,,,,,,,,,,,,,,,,,,,,,
,,,,,,,,,,,,,,,,,,,,Bdd,MID,KT Rolster,LeBlanc,1,0,1,0%,3.0,2.0,1.0,2,290.0,8.73,39.0,1.17,12,361,18.7k,563.7,50%,37.5%,22.7%,,,,,,,,,,,,,,,,,,,,,,,,,,,,,,,,,,,,,,,,,,,,,,,,,,,,,,,,,,,,,,,,,,,,,,,,,,,,,,,,,,,,,,,,,,,,,,,,,,,,
,,,,,,,,,,,,,,,,,,,,Bdd,MID,KT Rolster,Zeri,1,0,1,0%,0.0,2.0,1.0,0.5,279.0,9.03,47.0,1.52,10.7,346,11.6k,374.4,20%,0%,21.1%,,,,,,,,,,,,,,,,,,,,,,,,,,,,,,,,,,,,,,,,,,,,,,,,,,,,,,,,,,,,,,,,,,,,,,,,,,,,,,,,,,,,,,,,,,,,,,,,,,,,
,,,,,,,,,,,,,,,,,,,,Bdd,MID,KT Rolster,Overall:,-,-,-,-,3.87,2.1,5.99,4.68,300.78,9.14,39.59,1.2,13.8,421,22.5k,682.9,74%,29%,23.1%,,,,,,,,,,,,,,,,,,,,,,,,,,,,,,,,,,,,,,,,,,,,,,,,,,,,,,,,,,,,,,,,,,,,,,,,,,,,,,,,,,,,,,,,,,,,,,,,,,,,
,,,,,,,,,,,,,,,,,,,,Bdd,MID,KT Rolster,Total:,105,55,50,52.4%,406.0,221.0,629.0,-,31582.0,-,4157.0,-,1454.2k,-,2359.3k,-,-,-,-,,,,,,,,,,,,,,,,,,,,,,,,,,,,,,,,,,,,,,,,,,,,,,,,,,,,,,,,,,,,,,,,,,,,,,,,,,,,,,,,,,,,,,,,,,,,,,,,,,,,
,,,,,,,,,,,,,,,,,,,,deokdam,BOT,KT Rolster,,,,,,,,,,,,,,,,,,,,,Ezreal,13,5,8,38.5%,2.38,1.92,5.31,4,302.31,9.17,30.08,0.91,13.4,405,27.3k,828.4,67.1%,20.8%,22.2%,,,,,,,,,,,,,,,,,,,,,,,,,,,,,,,,,,,,,,,,,,,,,,,,,,,,,,,,,,,,,,,,,,,,,,,,,,,,,,,,
,,,,,,,,,,,,,,,,,,,,deokdam,BOT,KT Rolster,,,,,,,,,,,,,,,,,,,,,Kai'Sa,11,6,5,54.5%,4.45,3.0,5.45,3.3,283.36,9.06,29.0,0.93,13.5,432,20.7k,662.3,64.9%,29.2%,22.7%,,,,,,,,,,,,,,,,,,,,,,,,,,,,,,,,,,,,,,,,,,,,,,,,,,,,,,,,,,,,,,,,,,,,,,,,,,,,,,,,
,,,,,,,,,,,,,,,,,,,,deokdam,BOT,KT Rolster,,,,,,,,,,,,,,,,,,,,,Senna,10,7,3,70%,2.4,2.6,11.6,5.38,58.3,1.94,90.4,3.01,9.8,328,15.5k,517.3,87%,14.9%,16.9%,,,,,,,,,,,,,,,,,,,,,,,,,,,,,,,,,,,,,,,,,,,,,,,,,,,,,,,,,,,,,,,,,,,,,,,,,,,,,,,,
,,,,,,,,,,,,,,,,,,,,deokdam,BOT,KT Rolster,,,,,,,,,,,,,,,,,,,,,Ashe,10,6,4,60%,3.7,2.6,9.2,4.96,295.5,8.66,55.3,1.62,14.1,414,19.9k,584.3,71.7%,20.6%,21.9%,,,,,,,,,,,,,,,,,,,,,,,,,,,,,,,,,,,,,,,,,,,,,,,,,,,,,,,,,,,,,,,,,,,,,,,,,,,,,,,,
,,,,,,,,,,,,,,,,,,,,deokdam,BOT,KT Rolster,,,,,,,,,,,,,,,,,,,,,Varus,10,5,5,50%,4.0,2.9,6.4,3.59,268.6,8.21,50.0,1.53,13.4,411,22.6k,690.7,69.8%,26.8%,22.4%,,,,,,,,,,,,,,,,,,,,,,,,,,,,,,,,,,,,,,,,,,,,,,,,,,,,,,,,,,,,,,,,,,,,,,,,,,,,,,,,
,,,,,,,,,,,,,,,,,,,,deokdam,BOT,KT Rolster,,,,,,,,,,,,,,,,,,,,,Zeri,5,2,3,40%,4.6,2.4,4.4,3.75,342.2,10.13,49.4,1.46,15.8,469,20.1k,593.6,66.2%,33.8%,25%,,,,,,,,,,,,,,,,,,,,,,,,,,,,,,,,,,,,,,,,,,,,,,,,,,,,,,,,,,,,,,,,,,,,,,,,,,,,,,,,
,,,,,,,,,,,,,,,,,,,,deokdam,BOT,KT Rolster,,,,,,,,,,,,,,,,,,,,,Caitlyn,4,2,2,50%,3.75,2.75,3.75,2.73,263.25,8.8,30.5,1.02,12.8,429,19.1k,637.9,68.2%,34.1%,23.6%,,,,,,,,,,,,,,,,,,,,,,,,,,,,,,,,,,,,,,,,,,,,,,,,,,,,,,,,,,,,,,,,,,,,,,,,,,,,,,,,
,,,,,,,,,,,,,,,,,,,,deokdam,BOT,KT Rolster,,,,,,,,,,,,,,,,,,,,,Miss Fortune,4,2,2,50%,5.0,2.25,5.0,4.44,338.5,9.15,49.0,1.32,15.8,427,24.1k,651.2,57.1%,28.6%,22.8%,,,,,,,,,,,,,,,,,,,,,,,,,,,,,,,,,,,,,,,,,,,,,,,,,,,,,,,,,,,,,,,,,,,,,,,,,,,,,,,,
,,,,,,,,,,,,,,,,,,,,deokdam,BOT,KT Rolster,,,,,,,,,,,,,,,,,,,,,Aphelios,3,1,2,33.3%,1.33,3.0,3.0,1.44,244.0,8.91,37.0,1.35,10.7,390,14.5k,528.7,61.9%,19%,22%,,,,,,,,,,,,,,,,,,,,,,,,,,,,,,,,,,,,,,,,,,,,,,,,,,,,,,,,,,,,,,,,,,,,,,,,,,,,,,,,
,,,,,,,,,,,,,,,,,,,,deokdam,BOT,KT Rolster,,,,,,,,,,,,,,,,,,,,,Kalista,2,2,0,100%,2.0,2.5,9.0,4.4,274.5,8.13,47.0,1.39,13.3,394,10.4k,307,64.7%,11.8%,20.1%,,,,,,,,,,,,,,,,,,,,,,,,,,,,,,,,,,,,,,,,,,,,,,,,,,,,,,,,,,,,,,,,,,,,,,,,,,,,,,,,
,,,,,,,,,,,,,,,,,,,,deokdam,BOT,KT Rolster,,,,,,,,,,,,,,,,,,,,,Jhin,2,1,1,50%,6.5,3.5,9.5,4.57,277.5,8.03,33.5,0.97,14.5,421,25.9k,749.3,68.1%,27.7%,21.6%,,,,,,,,,,,,,,,,,,,,,,,,,,,,,,,,,,,,,,,,,,,,,,,,,,,,,,,,,,,,,,,,,,,,,,,,,,,,,,,,
,,,,,,,,,,,,,,,,,,,,deokdam,BOT,KT Rolster,,,,,,,,,,,,,,,,,,,,,Jinx,2,1,1,50%,2.5,2.0,4.5,3.5,332.0,10.42,44.5,1.4,13.9,436,13.6k,426.2,60.9%,21.7%,24.4%,,,,,,,,,,,,,,,,,,,,,,,,,,,,,,,,,,,,,,,,,,,,,,,,,,,,,,,,,,,,,,,,,,,,,,,,,,,,,,,,
,,,,,,,,,,,,,,,,,,,,deokdam,BOT,KT Rolster,,,,,,,,,,,,,,,,,,,,,Swain,2,1,1,50%,1.0,3.0,5.0,2,181.0,6.55,31.0,1.12,9.4,339,7.9k,284.1,60%,10%,18.3%,,,,,,,,,,,,,,,,,,,,,,,,,,,,,,,,,,,,,,,,,,,,,,,,,,,,,,,,,,,,,,,,,,,,,,,,,,,,,,,,
,,,,,,,,,,,,,,,,,,,,deokdam,BOT,KT Rolster,,,,,,,,,,,,,,,,,,,,,Xayah,2,0,2,0%,6.0,2.5,2.0,3.2,297.5,9.31,51.5,1.61,14.3,448,19.7k,616.7,72.7%,54.5%,26.6%,,,,,,,,,,,,,,,,,,,,,,,,,,,,,,,,,,,,,,,,,,,,,,,,,,,,,,,,,,,,,,,,,,,,,,,,,,,,,,,,
,,,,,,,,,,,,,,,,,,,,deokdam,BOT,KT Rolster,,,,,,,,,,,,,,,,,,,,,Lucian,1,1,0,100%,3.0,0.0,5.0,8,225.0,8.43,50.0,1.87,11.6,436,17.1k,642.1,100%,37.5%,21.9%,,,,,,,,,,,,,,,,,,,,,,,,,,,,,,,,,,,,,,,,,,,,,,,,,,,,,,,,,,,,,,,,,,,,,,,,,,,,,,,,
,,,,,,,,,,,,,,,,,,,,deokdam,BOT,KT Rolster,,,,,,,,,,,,,,,,,,,,,Nilah,1,0,1,0%,0.0,2.0,1.0,0.5,238.0,9.05,23.0,0.87,9.3,354,6.3k,239.6,100%,0%,22.2%,,,,,,,,,,,,,,,,,,,,,,,,,,,,,,,,,,,,,,,,,,,,,,,,,,,,,,,,,,,,,,,,,,,,,,,,,,,,,,,,
,,,,,,,,,,,,,,,,,,,,deokdam,BOT,KT Rolster,,,,,,,,,,,,,,,,,,,,,Smolder,1,0,1,0%,1.0,5.0,4.0,1,217.0,8.49,17.0,0.67,8.8,346,11.3k,440.5,50%,10%,21%,,,,,,,,,,,,,,,,,,,,,,,,,,,,,,,,,,,,,,,,,,,,,,,,,,,,,,,,,,,,,,,,,,,,,,,,,,,,,,,,
,,,,,,,,,,,,,,,,,,,,deokdam,BOT,KT Rolster,,,,,,,,,,,,,,,,,,,,,Twisted Fate,1,0,1,0%,2.0,4.0,4.0,1.5,191.0,6.4,34.0,1.14,10.5,352,13.9k,466.6,66.7%,22.2%,20.6%,,,,,,,,,,,,,,,,,,,,,,,,,,,,,,,,,,,,,,,,,,,,,,,,,,,,,,,,,,,,,,,,,,,,,,,,,,,,,,,,
,,,,,,,,,,,,,,,,,,,,deokdam,BOT,KT Rolster,,,,,,,,,,,,,,,,,,,,,Twitch,1,0,1,0%,0.0,4.0,3.0,0.75,251.0,8.59,29.0,0.99,9.6,327,17.5k,597,75%,0%,21.6%,,,,,,,,,,,,,,,,,,,,,,,,,,,,,,,,,,,,,,,,,,,,,,,,,,,,,,,,,,,,,,,,,,,,,,,,,,,,,,,,
,,,,,,,,,,,,,,,,,,,,deokdam,BOT,KT Rolster,,,,,,,,,,,,,,,,,,,,,Ziggs,1,0,1,0%,2.0,1.0,4.0,6,364.0,8.77,29.0,0.7,16.8,404,42.4k,1022.2,100%,33.3%,23.4%,,,,,,,,,,,,,,,,,,,,,,,,,,,,,,,,,,,,,,,,,,,,,,,,,,,,,,,,,,,,,,,,,,,,,,,,,,,,,,,,
,,,,,,,,,,,,,,,,,,,,deokdam,BOT,KT Rolster,,,,,,,,,,,,,,,,,,,,,Overall:,-,-,-,-,3.34,2.59,6.37,3.74,259.67,8.1,45.81,1.43,13,406,20.3k,631.9,69.9%,24%,21.9%,,,,,,,,,,,,,,,,,,,,,,,,,,,,,,,,,,,,,,,,,,,,,,,,,,,,,,,,,,,,,,,,,,,,,,,,,,,,,,,,
,,,,,,,,,,,,,,,,,,,,deokdam,BOT,KT Rolster,,,,,,,,,,,,,,,,,,,,,Total:,86,42,44,48.8%,287.0,223.0,548.0,-,22332.0,-,3940.0,-,1119.7k,-,1742.8k,-,-,-,-,,,,,,,,,,,,,,,,,,,,,,,,,,,,,,,,,,,,,,,,,,,,,,,,,,,,,,,,,,,,,,,,,,,,,,,,,,,,,,,,
,,,,,,,,,,,,,,,,,,,,Oner,JUNGLE,T1,,,,,,,,,,,,,,,,,,,,,,,,,,,,,,,,,,,,,,,,,Sejuani,30,20,10,66.7%,1.6,1.87,9.13,5.75,189.7,5.91,48.77,1.52,10.9,340,10k,311.1,74.7%,11.1%,17.8%,,,,,,,,,,,,,,,,,,,,,,,,,,,,,,,,,,,,,,,,,,,,,,,,,,,,,,,,,,,,
,,,,,,,,,,,,,,,,,,,,Oner,JUNGLE,T1,,,,,,,,,,,,,,,,,,,,,,,,,,,,,,,,,,,,,,,,,Vi,23,17,6,73.9%,3.65,2.74,8.09,4.29,217.7,6.74,49.09,1.52,12.3,380,12.2k,378.9,70.3%,21.9%,19.6%,,,,,,,,,,,,,,,,,,,,,,,,,,,,,,,,,,,,,,,,,,,,,,,,,,,,,,,,,,,,
,,,,,,,,,,,,,,,,,,,,Oner,JUNGLE,T1,,,,,,,,,,,,,,,,,,,,,,,,,,,,,,,,,,,,,,,,,Viego,16,12,4,75%,4.69,2.31,4.69,4.05,220.0,7.16,49.38,1.61,12.1,394,12.8k,416.8,67.3%,33.6%,20.3%,,,,,,,,,,,,,,,,,,,,,,,,,,,,,,,,,,,,,,,,,,,,,,,,,,,,,,,,,,,,
,,,,,,,,,,,,,,,,,,,,Oner,JUNGLE,T1,,,,,,,,,,,,,,,,,,,,,,,,,,,,,,,,,,,,,,,,,Poppy,14,11,3,78.6%,2.0,1.71,7.79,5.71,168.64,5.38,48.57,1.55,10.4,333,8.5k,270.5,64.3%,13.1%,17.2%,,,,,,,,,,,,,,,,,,,,,,,,,,,,,,,,,,,,,,,,,,,,,,,,,,,,,,,,,,,,
,,,,,,,,,,,,,,,,,,,,Oner,JUNGLE,T1,,,,,,,,,,,,,,,,,,,,,,,,,,,,,,,,,,,,,,,,,Xin Zhao,14,11,3,78.6%,3.14,1.79,7.43,5.92,217.64,6.53,53.79,1.61,12.3,369,14.3k,428,73.6%,21.9%,19.3%,,,,,,,,,,,,,,,,,,,,,,,,,,,,,,,,,,,,,,,,,,,,,,,,,,,,,,,,,,,,
,,,,,,,,,,,,,,,,,,,,Oner,JUNGLE,T1,,,,,,,,,,,,,,,,,,,,,,,,,,,,,,,,,,,,,,,,,Lee Sin,12,4,8,33.3%,3.0,4.08,4.58,1.86,190.67,6.01,53.08,1.67,10.9,343,8.8k,276.2,62.8%,24.8%,18.9%,,,,,,,,,,,,,,,,,,,,,,,,,,,,,,,,,,,,,,,,,,,,,,,,,,,,,,,,,,,,
,,,,,,,,,,,,,,,,,,,,Oner,JUNGLE,T1,,,,,,,,,,,,,,,,,,,,,,,,,,,,,,,,,,,,,,,,,Nidalee,11,6,5,54.5%,2.64,1.45,4.55,4.94,236.64,7.49,71.09,2.25,12.2,385,19.6k,619.3,73.1%,26.9%,20.6%,,,,,,,,,,,,,,,,,,,,,,,,,,,,,,,,,,,,,,,,,,,,,,,,,,,,,,,,,,,,
,,,,,,,,,,,,,,,,,,,,Oner,JUNGLE,T1,,,,,,,,,,,,,,,,,,,,,,,,,,,,,,,,,,,,,,,,,Rell,9,7,2,77.8%,0.78,2.89,11.11,4.12,167.11,5.14,53.56,1.65,10.5,322,6.3k,195.3,78.1%,5.1%,16.4%,,,,,,,,,,,,,,,,,,,,,,,,,,,,,,,,,,,,,,,,,,,,,,,,,,,,,,,,,,,,
,,,,,,,,,,,,,,,,,,,,Oner,JUNGLE,T1,,,,,,,,,,,,,,,,,,,,,,,,,,,,,,,,,,,,,,,,,Lillia,8,5,3,62.5%,3.38,2.13,5.88,4.35,262.5,7.54,53.38,1.53,13.2,378,18.5k,532.1,70.5%,25.7%,20.4%,,,,,,,,,,,,,,,,,,,,,,,,,,,,,,,,,,,,,,,,,,,,,,,,,,,,,,,,,,,,
,,,,,,,,,,,,,,,,,,,,Oner,JUNGLE,T1,,,,,,,,,,,,,,,,,,,,,,,,,,,,,,,,,,,,,,,,,Nocturne,7,7,0,100%,3.86,2.14,8.43,5.73,206.29,6.32,74.0,2.27,12.4,381,12.9k,395.9,64.7%,20.3%,18.7%,,,,,,,,,,,,,,,,,,,,,,,,,,,,,,,,,,,,,,,,,,,,,,,,,,,,,,,,,,,,
,,,,,,,,,,,,,,,,,,,,Oner,JUNGLE,T1,,,,,,,,,,,,,,,,,,,,,,,,,,,,,,,,,,,,,,,,,Jarvan IV,6,4,2,66.7%,2.5,2.83,6.67,3.24,177.5,5.89,54.5,1.81,10.7,355,8.4k,279.8,80.9%,22.1%,19.2%,,,,,,,,,,,,,,,,,,,,,,,,,,,,,,,,,,,,,,,,,,,,,,,,,,,,,,,,,,,,
,,,,,,,,,,,,,,,,,,,,Oner,JUNGLE,T1,,,,,,,,,,,,,,,,,,,,,,,,,,,,,,,,,,,,,,,,,Maokai,5,1,4,20%,0.6,3.6,4.0,1.28,181.4,5.02,57.2,1.58,10.4,289,14.6k,403.2,56.1%,7.3%,16.3%,,,,,,,,,,,,,,,,,,,,,,,,,,,,,,,,,,,,,,,,,,,,,,,,,,,,,,,,,,,,
,,,,,,,,,,,,,,,,,,,,Oner,JUNGLE,T1,,,,,,,,,,,,,,,,,,,,,,,,,,,,,,,,,,,,,,,,,Skarner,4,3,1,75%,1.75,2.0,7.75,4.75,197.5,6.31,47.5,1.52,10.7,342,9.5k,304.9,70.4%,13%,18.2%,,,,,,,,,,,,,,,,,,,,,,,,,,,,,,,,,,,,,,,,,,,,,,,,,,,,,,,,,,,,
,,,,,,,,,,,,,,,,,,,,Oner,JUNGLE,T1,,,,,,,,,,,,,,,,,,,,,,,,,,,,,,,,,,,,,,,,,Zyra,4,1,3,25%,3.0,1.75,5.0,4.57,209.5,7.08,42.75,1.45,10.9,369,21.3k,720.7,80%,30%,20.4%,,,,,,,,,,,,,,,,,,,,,,,,,,,,,,,,,,,,,,,,,,,,,,,,,,,,,,,,,,,,
,,,,,,,,,,,,,,,,,,,,Oner,JUNGLE,T1,,,,,,,,,,,,,,,,,,,,,,,,,,,,,,,,,,,,,,,,,Ivern,3,1,2,33.3%,0.67,1.33,5.0,4.25,161.33,5.62,41.33,1.44,9.4,328,4.2k,145.8,94.4%,11.1%,18.5%,,,,,,,,,,,,,,,,,,,,,,,,,,,,,,,,,,,,,,,,,,,,,,,,,,,,,,,,,,,,
,,,,,,,,,,,,,,,,,,,,Oner,JUNGLE,T1,,,,,,,,,,,,,,,,,,,,,,,,,,,,,,,,,,,,,,,,,Wukong,2,0,2,0%,1.0,4.0,4.5,1.38,191.0,6.35,50.5,1.68,9.4,314,6.9k,230,78.6%,14.3%,18.6%,,,,,,,,,,,,,,,,,,,,,,,,,,,,,,,,,,,,,,,,,,,,,,,,,,,,,,,,,,,,
,,,,,,,,,,,,,,,,,,,,Oner,JUNGLE,T1,,,,,,,,,,,,,,,,,,,,,,,,,,,,,,,,,,,,,,,,,Diana,1,1,0,100%,0.0,1.0,5.0,5,170.0,8.04,28.0,1.32,8,377,7.1k,337.8,55.6%,0%,18.7%,,,,,,,,,,,,,,,,,,,,,,,,,,,,,,,,,,,,,,,,,,,,,,,,,,,,,,,,,,,,
,,,,,,,,,,,,,,,,,,,,Oner,JUNGLE,T1,,,,,,,,,,,,,,,,,,,,,,,,,,,,,,,,,,,,,,,,,Bel'Veth,1,0,1,0%,2.0,7.0,5.0,1,289.0,6.74,69.0,1.61,15.8,369,9.3k,217.3,70%,20%,20%,,,,,,,,,,,,,,,,,,,,,,,,,,,,,,,,,,,,,,,,,,,,,,,,,,,,,,,,,,,,
,,,,,,,,,,,,,,,,,,,,Oner,JUNGLE,T1,,,,,,,,,,,,,,,,,,,,,,,,,,,,,,,,,,,,,,,,,Brand,1,0,1,0%,2.0,4.0,3.0,1.25,245.0,7.65,44.0,1.37,11.5,359,23.8k,742.7,55.6%,22.2%,19.3%,,,,,,,,,,,,,,,,,,,,,,,,,,,,,,,,,,,,,,,,,,,,,,,,,,,,,,,,,,,,
,,,,,,,,,,,,,,,,,,,,Oner,JUNGLE,T1,,,,,,,,,,,,,,,,,,,,,,,,,,,,,,,,,,,,,,,,,Jax,1,0,1,0%,5.0,5.0,5.0,2,188.0,6.04,52.0,1.67,11.7,374,18.2k,585.9,71.4%,35.7%,21%,,,,,,,,,,,,,,,,,,,,,,,,,,,,,,,,,,,,,,,,,,,,,,,,,,,,,,,,,,,,
,,,,,,,,,,,,,,,,,,,,Oner,JUNGLE,T1,,,,,,,,,,,,,,,,,,,,,,,,,,,,,,,,,,,,,,,,,Kindred,1,0,1,0%,1.0,1.0,0.0,1,204.0,7.36,55.0,1.98,9.2,332,9.3k,334,100%,100%,21.5%,,,,,,,,,,,,,,,,,,,,,,,,,,,,,,,,,,,,,,,,,,,,,,,,,,,,,,,,,,,,
,,,,,,,,,,,,,,,,,,,,Oner,JUNGLE,T1,,,,,,,,,,,,,,,,,,,,,,,,,,,,,,,,,,,,,,,,,Taliyah,1,0,1,0%,0.0,4.0,3.0,0.75,170.0,6.95,29.0,1.19,7.8,319,10.4k,426.3,50%,0%,19.3%,,,,,,,,,,,,,,,,,,,,,,,,,,,,,,,,,,,,,,,,,,,,,,,,,,,,,,,,,,,,
,,,,,,,,,,,,,,,,,,,,Oner,JUNGLE,T1,,,,,,,,,,,,,,,,,,,,,,,,,,,,,,,,,,,,,,,,,Overall:,-,-,-,-,2.62,2.37,6.98,4.06,202.86,6.35,52.51,1.64,11.4,357,11.9k,372.6,70.7%,19.3%,18.8%,,,,,,,,,,,,,,,,,,,,,,,,,,,,,,,,,,,,,,,,,,,,,,,,,,,,,,,,,,,,
,,,,,,,,,,,,,,,,,,,,Oner,JUNGLE,T1,,,,,,,,,,,,,,,,,,,,,,,,,,,,,,,,,,,,,,,,,Total:,174,111,63,63.8%,456.0,412.0,1215.0,-,35297.0,-,9137.0,-,1987.1k,-,2072.6k,-,-,-,-,,,,,,,,,,,,,,,,,,,,,,,,,,,,,,,,,,,,,,,,,,,,,,,,,,,,,,,,,,,,
,,,,,,,,,,,,,,,,,,,,Faker,MID,T1,,,,,,,,,,,,,,,,,,,,,,,,,,,,,,,,,,,,,,,,,,,,,,,,,,,,,,,,,,,,,Azir,31,23,8,74.2%,3.32,2.1,5.16,4.05,313.55,9.54,47.61,1.45,14.6,445,21.1k,641.2,60.6%,23.7%,23%,,,,,,,,,,,,,,,,,,,,,,,,,,,,,,,,,,,,,,,,
,,,,,,,,,,,,,,,,,,,,Faker,MID,T1,,,,,,,,,,,,,,,,,,,,,,,,,,,,,,,,,,,,,,,,,,,,,,,,,,,,,,,,,,,,,Corki,31,16,15,51.6%,3.32,2.13,5.32,4.06,306.94,9.36,37.61,1.15,14.1,431,24.4k,743.8,64.7%,24.9%,23.1%,,,,,,,,,,,,,,,,,,,,,,,,,,,,,,,,,,,,,,,,
,,,,,,,,,,,,,,,,,,,,Faker,MID,T1,,,,,,,,,,,,,,,,,,,,,,,,,,,,,,,,,,,,,,,,,,,,,,,,,,,,,,,,,,,,,Taliyah,24,17,7,70.8%,3.75,2.46,7.13,4.42,304.88,9.3,39.71,1.21,14.3,435,18.7k,569,65.9%,22.7%,22.3%,,,,,,,,,,,,,,,,,,,,,,,,,,,,,,,,,,,,,,,,
,,,,,,,,,,,,,,,,,,,,Faker,MID,T1,,,,,,,,,,,,,,,,,,,,,,,,,,,,,,,,,,,,,,,,,,,,,,,,,,,,,,,,,,,,,Tristana,18,8,10,44.4%,3.61,2.5,3.33,2.78,286.61,9.32,35.78,1.16,13.3,432,19.9k,648.8,65.8%,34.2%,23.3%,,,,,,,,,,,,,,,,,,,,,,,,,,,,,,,,,,,,,,,,
,,,,,,,,,,,,,,,,,,,,Faker,MID,T1,,,,,,,,,,,,,,,,,,,,,,,,,,,,,,,,,,,,,,,,,,,,,,,,,,,,,,,,,,,,,Orianna,17,16,1,94.1%,3.94,1.24,7.88,9.57,266.35,9.23,36.88,1.28,13.1,453,18.1k,628.1,69.8%,23.3%,22.2%,,,,,,,,,,,,,,,,,,,,,,,,,,,,,,,,,,,,,,,,
,,,,,,,,,,,,,,,,,,,,Faker,MID,T1,,,,,,,,,,,,,,,,,,,,,,,,,,,,,,,,,,,,,,,,,,,,,,,,,,,,,,,,,,,,,Ahri,12,10,2,83.3%,4.75,2.25,7.0,5.22,287.67,8.39,52.42,1.53,14.5,424,23.4k,681.8,66.8%,27%,22.2%,,,,,,,,,,,,,,,,,,,,,,,,,,,,,,,,,,,,,,,,
,,,,,,,,,,,,,,,,,,,,Faker,MID,T1,,,,,,,,,,,,,,,,,,,,,,,,,,,,,,,,,,,,,,,,,,,,,,,,,,,,,,,,,,,,,Yone,8,6,2,75%,1.88,2.13,4.5,3,301.75,9.16,35.75,1.09,13.7,417,17.8k,541.4,51%,15%,21.8%,,,,,,,,,,,,,,,,,,,,,,,,,,,,,,,,,,,,,,,,
,,,,,,,,,,,,,,,,,,,,Faker,MID,T1,,,,,,,,,,,,,,,,,,,,,,,,,,,,,,,,,,,,,,,,,,,,,,,,,,,,,,,,,,,,,Sylas,6,4,2,66.7%,2.67,2.67,4.17,2.56,245.17,8.15,29.17,0.97,11.5,381,11.6k,384.1,61.2%,23.9%,20.8%,,,,,,,,,,,,,,,,,,,,,,,,,,,,,,,,,,,,,,,,
,,,,,,,,,,,,,,,,,,,,Faker,MID,T1,,,,,,,,,,,,,,,,,,,,,,,,,,,,,,,,,,,,,,,,,,,,,,,,,,,,,,,,,,,,,Neeko,4,3,1,75%,2.25,2.25,4.5,3,252.5,8.43,29.25,0.98,11.7,392,14k,466.3,62.8%,20.9%,20.4%,,,,,,,,,,,,,,,,,,,,,,,,,,,,,,,,,,,,,,,,
,,,,,,,,,,,,,,,,,,,,Faker,MID,T1,,,,,,,,,,,,,,,,,,,,,,,,,,,,,,,,,,,,,,,,,,,,,,,,,,,,,,,,,,,,,Hwei,3,3,0,100%,7.0,3.0,7.67,4.89,225.67,8.01,26.0,0.92,12.7,450,25.1k,892.4,77.2%,36.8%,21.2%,,,,,,,,,,,,,,,,,,,,,,,,,,,,,,,,,,,,,,,,
,,,,,,,,,,,,,,,,,,,,Faker,MID,T1,,,,,,,,,,,,,,,,,,,,,,,,,,,,,,,,,,,,,,,,,,,,,,,,,,,,,,,,,,,,,Akali,3,2,1,66.7%,3.0,1.0,5.33,8.33,252.67,8.3,37.0,1.21,11.4,376,12.5k,411.6,62.5%,22.5%,20.4%,,,,,,,,,,,,,,,,,,,,,,,,,,,,,,,,,,,,,,,,
,,,,,,,,,,,,,,,,,,,,Faker,MID,T1,,,,,,,,,,,,,,,,,,,,,,,,,,,,,,,,,,,,,,,,,,,,,,,,,,,,,,,,,,,,,Galio,2,2,0,100%,3.0,1.5,6.5,6.33,292.0,8.38,30.0,0.86,14.4,413,12.6k,362.3,73.1%,23.1%,21.2%,,,,,,,,,,,,,,,,,,,,,,,,,,,,,,,,,,,,,,,,
,,,,,,,,,,,,,,,,,,,,Faker,MID,T1,,,,,,,,,,,,,,,,,,,,,,,,,,,,,,,,,,,,,,,,,,,,,,,,,,,,,,,,,,,,,Aurelion Sol,2,1,1,50%,2.5,5.5,7.5,1.82,257.5,7.81,25.0,0.76,12.5,379,20k,607.6,55.6%,13.9%,20.1%,,,,,,,,,,,,,,,,,,,,,,,,,,,,,,,,,,,,,,,,
,,,,,,,,,,,,,,,,,,,,Faker,MID,T1,,,,,,,,,,,,,,,,,,,,,,,,,,,,,,,,,,,,,,,,,,,,,,,,,,,,,,,,,,,,,Smolder,2,1,1,50%,1.0,3.5,5.0,1.71,268.5,8.3,36.0,1.11,12.1,375,22.2k,688,85.7%,14.3%,21.6%,,,,,,,,,,,,,,,,,,,,,,,,,,,,,,,,,,,,,,,,
,,,,,,,,,,,,,,,,,,,,Faker,MID,T1,,,,,,,,,,,,,,,,,,,,,,,,,,,,,,,,,,,,,,,,,,,,,,,,,,,,,,,,,,,,,Yasuo,2,1,1,50%,3.0,3.0,6.5,3.17,259.5,8.8,26.0,0.88,11.8,399,14.1k,479.5,63.3%,20%,21.7%,,,,,,,,,,,,,,,,,,,,,,,,,,,,,,,,,,,,,,,,
,,,,,,,,,,,,,,,,,,,,Faker,MID,T1,,,,,,,,,,,,,,,,,,,,,,,,,,,,,,,,,,,,,,,,,,,,,,,,,,,,,,,,,,,,,LeBlanc,2,0,2,0%,1.0,2.5,0.5,0.6,263.5,9.02,30.0,1.03,10.4,355,15k,512.5,75%,50%,21.5%,,,,,,,,,,,,,,,,,,,,,,,,,,,,,,,,,,,,,,,,
,,,,,,,,,,,,,,,,,,,,Faker,MID,T1,,,,,,,,,,,,,,,,,,,,,,,,,,,,,,,,,,,,,,,,,,,,,,,,,,,,,,,,,,,,,Nasus,2,0,2,0%,3.0,5.5,2.5,1,261.5,7.32,36.5,1.02,12.5,351,23.1k,647.7,50%,27.3%,21%,,,,,,,,,,,,,,,,,,,,,,,,,,,,,,,,,,,,,,,,
,,,,,,,,,,,,,,,,,,,,Faker,MID,T1,,,,,,,,,,,,,,,,,,,,,,,,,,,,,,,,,,,,,,,,,,,,,,,,,,,,,,,,,,,,,Annie,1,0,1,0%,2.0,2.0,1.0,1.5,249.0,8.05,33.0,1.07,10.6,344,13k,420.6,37.5%,25%,20.4%,,,,,,,,,,,,,,,,,,,,,,,,,,,,,,,,,,,,,,,,
,,,,,,,,,,,,,,,,,,,,Faker,MID,T1,,,,,,,,,,,,,,,,,,,,,,,,,,,,,,,,,,,,,,,,,,,,,,,,,,,,,,,,,,,,,Aurora,1,0,1,0%,3.0,3.0,2.0,1.67,254.0,8.6,31.0,1.05,11.8,398,20.5k,694.8,100%,60%,23.5%,,,,,,,,,,,,,,,,,,,,,,,,,,,,,,,,,,,,,,,,
,,,,,,,,,,,,,,,,,,,,Faker,MID,T1,,,,,,,,,,,,,,,,,,,,,,,,,,,,,,,,,,,,,,,,,,,,,,,,,,,,,,,,,,,,,Caitlyn,1,0,1,0%,1.0,3.0,3.0,1.33,253.0,8.37,40.0,1.32,11,363,18.4k,610.2,80%,20%,21.8%,,,,,,,,,,,,,,,,,,,,,,,,,,,,,,,,,,,,,,,,
,,,,,,,,,,,,,,,,,,,,Faker,MID,T1,,,,,,,,,,,,,,,,,,,,,,,,,,,,,,,,,,,,,,,,,,,,,,,,,,,,,,,,,,,,,Karma,1,0,1,0%,3.0,2.0,1.0,2,381.0,9.14,60.0,1.44,16.3,391,39.3k,942.2,66.7%,50%,23.2%,,,,,,,,,,,,,,,,,,,,,,,,,,,,,,,,,,,,,,,,
,,,,,,,,,,,,,,,,,,,,Faker,MID,T1,,,,,,,,,,,,,,,,,,,,,,,,,,,,,,,,,,,,,,,,,,,,,,,,,,,,,,,,,,,,,Lucian,1,0,1,0%,1.0,2.0,1.0,1,302.0,9.71,38.0,1.22,12.2,391,14.4k,463.7,66.7%,33.3%,24.4%,,,,,,,,,,,,,,,,,,,,,,,,,,,,,,,,,,,,,,,,
,,,,,,,,,,,,,,,,,,,,Faker,MID,T1,,,,,,,,,,,,,,,,,,,,,,,,,,,,,,,,,,,,,,,,,,,,,,,,,,,,,,,,,,,,,Veigar,1,0,1,0%,1.0,5.0,1.0,0.4,247.0,8.04,37.0,1.2,10.4,340,13.7k,447.2,33.3%,16.7%,21.1%,,,,,,,,,,,,,,,,,,,,,,,,,,,,,,,,,,,,,,,,
,,,,,,,,,,,,,,,,,,,,Faker,MID,T1,,,,,,,,,,,,,,,,,,,,,,,,,,,,,,,,,,,,,,,,,,,,,,,,,,,,,,,,,,,,,Zac,1,0,1,0%,1.0,4.0,0.0,0.25,178.0,7.52,18.0,0.76,7.7,325,9.2k,388.9,25%,25%,20%,,,,,,,,,,,,,,,,,,,,,,,,,,,,,,,,,,,,,,,,
,,,,,,,,,,,,,,,,,,,,Faker,MID,T1,,,,,,,,,,,,,,,,,,,,,,,,,,,,,,,,,,,,,,,,,,,,,,,,,,,,,,,,,,,,,Overall:,-,-,-,-,3.38,2.28,5.44,3.87,290.28,9.08,39.13,1.22,13.6,426,20k,627.4,64.4%,24.7%,22.4%,,,,,,,,,,,,,,,,,,,,,,,,,,,,,,,,,,,,,,,,
,,,,,,,,,,,,,,,,,,,,Faker,MID,T1,,,,,,,,,,,,,,,,,,,,,,,,,,,,,,,,,,,,,,,,,,,,,,,,,,,,,,,,,,,,,Total:,176,113,63,64.2%,594.0,401.0,958.0,-,51090.0,-,6886.0,-,2394.2k,-,3528.3k,-,-,-,-,,,,,,,,,,,,,,,,,,,,,,,,,,,,,,,,,,,,,,,,
,,,,,,,,,,,,,,,,,,,,Gumayusi,BOT,T1,,,,,,,,,,,,,,,,,,,,,,,,,,,,,,,,,,,,,,,,,,,,,,,,,,,,,,,,,,,,,,,,,,,,,,,,,,,,,,,,,Senna,28,21,7,75%,2.61,2.07,10.21,6.19,64.86,2.09,109.07,3.52,10.3,333,15.9k,513.1,77.4%,15.7%,17%,,,,,,,,,,,,,,,,,,,,
,,,,,,,,,,,,,,,,,,,,Gumayusi,BOT,T1,,,,,,,,,,,,,,,,,,,,,,,,,,,,,,,,,,,,,,,,,,,,,,,,,,,,,,,,,,,,,,,,,,,,,,,,,,,,,,,,,Kalista,23,16,7,69.6%,4.3,2.48,5.78,4.07,291.61,9.59,43.04,1.41,13.8,453,16.7k,548.8,66.1%,28.2%,23.4%,,,,,,,,,,,,,,,,,,,,
,,,,,,,,,,,,,,,,,,,,Gumayusi,BOT,T1,,,,,,,,,,,,,,,,,,,,,,,,,,,,,,,,,,,,,,,,,,,,,,,,,,,,,,,,,,,,,,,,,,,,,,,,,,,,,,,,,Varus,19,15,4,78.9%,4.0,1.89,7.0,5.81,323.11,9.6,48.0,1.43,15.2,452,24.1k,716.7,69.4%,25.2%,23.4%,,,,,,,,,,,,,,,,,,,,
,,,,,,,,,,,,,,,,,,,,Gumayusi,BOT,T1,,,,,,,,,,,,,,,,,,,,,,,,,,,,,,,,,,,,,,,,,,,,,,,,,,,,,,,,,,,,,,,,,,,,,,,,,,,,,,,,,Lucian,12,9,3,75%,4.58,1.58,4.33,5.63,302.83,9.78,55.75,1.8,15.1,487,25.5k,824.4,66.9%,34.4%,24.9%,,,,,,,,,,,,,,,,,,,,
,,,,,,,,,,,,,,,,,,,,Gumayusi,BOT,T1,,,,,,,,,,,,,,,,,,,,,,,,,,,,,,,,,,,,,,,,,,,,,,,,,,,,,,,,,,,,,,,,,,,,,,,,,,,,,,,,,Ashe,12,8,4,66.7%,3.83,2.33,6.58,4.46,325.25,9.64,46.33,1.37,14.8,437,20.8k,617,76.7%,28.2%,23.4%,,,,,,,,,,,,,,,,,,,,
,,,,,,,,,,,,,,,,,,,,Gumayusi,BOT,T1,,,,,,,,,,,,,,,,,,,,,,,,,,,,,,,,,,,,,,,,,,,,,,,,,,,,,,,,,,,,,,,,,,,,,,,,,,,,,,,,,Caitlyn,11,9,2,81.8%,4.09,1.45,3.91,5.5,301.82,9.96,43.55,1.44,14.2,470,19.3k,637.8,65.2%,33.3%,24.4%,,,,,,,,,,,,,,,,,,,,
,,,,,,,,,,,,,,,,,,,,Gumayusi,BOT,T1,,,,,,,,,,,,,,,,,,,,,,,,,,,,,,,,,,,,,,,,,,,,,,,,,,,,,,,,,,,,,,,,,,,,,,,,,,,,,,,,,Jhin,10,6,4,60%,3.5,1.6,5.9,5.88,331.2,9.8,34.4,1.02,14.7,435,20k,592.1,66.7%,24.8%,23.3%,,,,,,,,,,,,,,,,,,,,
,,,,,,,,,,,,,,,,,,,,Gumayusi,BOT,T1,,,,,,,,,,,,,,,,,,,,,,,,,,,,,,,,,,,,,,,,,,,,,,,,,,,,,,,,,,,,,,,,,,,,,,,,,,,,,,,,,Ziggs,10,5,5,50%,2.1,2.4,4.5,2.75,297.4,9.75,28.6,0.94,12.8,419,25.9k,847.6,63.5%,20.2%,23.1%,,,,,,,,,,,,,,,,,,,,
,,,,,,,,,,,,,,,,,,,,Gumayusi,BOT,T1,,,,,,,,,,,,,,,,,,,,,,,,,,,,,,,,,,,,,,,,,,,,,,,,,,,,,,,,,,,,,,,,,,,,,,,,,,,,,,,,,Zeri,9,3,6,33.3%,3.78,1.67,4.11,4.73,336.78,10.88,47.11,1.52,14.3,461,18.8k,607,74.7%,35.8%,24.9%,,,,,,,,,,,,,,,,,,,,
,,,,,,,,,,,,,,,,,,,,Gumayusi,BOT,T1,,,,,,,,,,,,,,,,,,,,,,,,,,,,,,,,,,,,,,,,,,,,,,,,,,,,,,,,,,,,,,,,,,,,,,,,,,,,,,,,,Xayah,8,5,3,62.5%,4.75,1.25,3.88,6.9,365.88,11.28,37.63,1.16,15.6,482,25k,770,65.1%,35.8%,25.9%,,,,,,,,,,,,,,,,,,,,
,,,,,,,,,,,,,,,,,,,,Gumayusi,BOT,T1,,,,,,,,,,,,,,,,,,,,,,,,,,,,,,,,,,,,,,,,,,,,,,,,,,,,,,,,,,,,,,,,,,,,,,,,,,,,,,,,,Miss Fortune,7,5,2,71.4%,5.0,2.0,3.14,4.07,390.0,10.77,49.71,1.37,17.3,478,22.1k,609.6,60%,36.8%,25.1%,,,,,,,,,,,,,,,,,,,,
,,,,,,,,,,,,,,,,,,,,Gumayusi,BOT,T1,,,,,,,,,,,,,,,,,,,,,,,,,,,,,,,,,,,,,,,,,,,,,,,,,,,,,,,,,,,,,,,,,,,,,,,,,,,,,,,,,Draven,6,4,2,66.7%,4.0,1.67,3.17,4.3,294.0,9.45,38.5,1.24,15.5,499,14.8k,475.8,52.4%,29.3%,25.6%,,,,,,,,,,,,,,,,,,,,
,,,,,,,,,,,,,,,,,,,,Gumayusi,BOT,T1,,,,,,,,,,,,,,,,,,,,,,,,,,,,,,,,,,,,,,,,,,,,,,,,,,,,,,,,,,,,,,,,,,,,,,,,,,,,,,,,,Ezreal,5,1,4,20%,1.4,2.0,1.6,1.5,338.4,10.41,28.4,0.87,13.4,413,25.1k,772,46.9%,21.9%,23.3%,,,,,,,,,,,,,,,,,,,,
,,,,,,,,,,,,,,,,,,,,Gumayusi,BOT,T1,,,,,,,,,,,,,,,,,,,,,,,,,,,,,,,,,,,,,,,,,,,,,,,,,,,,,,,,,,,,,,,,,,,,,,,,,,,,,,,,,Kai'Sa,3,1,2,33.3%,4.33,1.33,4.0,6.25,343.0,10.18,43.0,1.28,14.7,438,24.3k,721,65.8%,34.2%,23.5%,,,,,,,,,,,,,,,,,,,,
,,,,,,,,,,,,,,,,,,,,Gumayusi,BOT,T1,,,,,,,,,,,,,,,,,,,,,,,,,,,,,,,,,,,,,,,,,,,,,,,,,,,,,,,,,,,,,,,,,,,,,,,,,,,,,,,,,Nilah,3,1,2,33.3%,3.33,2.67,2.67,2.25,326.0,9.72,30.67,0.91,14.3,425,12.7k,378.2,69.2%,38.5%,23.9%,,,,,,,,,,,,,,,,,,,,
,,,,,,,,,,,,,,,,,,,,Gumayusi,BOT,T1,,,,,,,,,,,,,,,,,,,,,,,,,,,,,,,,,,,,,,,,,,,,,,,,,,,,,,,,,,,,,,,,,,,,,,,,,,,,,,,,,Aphelios,2,1,1,50%,2.0,2.5,1.5,1.4,294.0,9.8,39.5,1.32,12.1,404,18.6k,618.6,43.8%,25%,22.1%,,,,,,,,,,,,,,,,,,,,
,,,,,,,,,,,,,,,,,,,,Gumayusi,BOT,T1,,,,,,,,,,,,,,,,,,,,,,,,,,,,,,,,,,,,,,,,,,,,,,,,,,,,,,,,,,,,,,,,,,,,,,,,,,,,,,,,,Jinx,2,1,1,50%,5.5,2.5,6.0,4.6,278.5,9.81,30.0,1.06,13,457,22.1k,779.8,63.9%,30.6%,23.9%,,,,,,,,,,,,,,,,,,,,
,,,,,,,,,,,,,,,,,,,,Gumayusi,BOT,T1,,,,,,,,,,,,,,,,,,,,,,,,,,,,,,,,,,,,,,,,,,,,,,,,,,,,,,,,,,,,,,,,,,,,,,,,,,,,,,,,,Sivir,2,1,1,50%,2.5,1.5,6.0,5.67,348.5,11.04,40.5,1.28,14.4,456,26.8k,850,73.9%,21.7%,24.8%,,,,,,,,,,,,,,,,,,,,
,,,,,,,,,,,,,,,,,,,,Gumayusi,BOT,T1,,,,,,,,,,,,,,,,,,,,,,,,,,,,,,,,,,,,,,,,,,,,,,,,,,,,,,,,,,,,,,,,,,,,,,,,,,,,,,,,,Smolder,1,1,0,100%,7.0,0.0,5.0,12,372.0,11.61,46.0,1.44,16.8,524,25.6k,800,75%,43.8%,26.4%,,,,,,,,,,,,,,,,,,,,
,,,,,,,,,,,,,,,,,,,,Gumayusi,BOT,T1,,,,,,,,,,,,,,,,,,,,,,,,,,,,,,,,,,,,,,,,,,,,,,,,,,,,,,,,,,,,,,,,,,,,,,,,,,,,,,,,,Seraphine,1,0,1,0%,4.0,3.0,6.0,3.33,348.0,8.77,38.0,0.96,16,404,38.3k,964.5,71.4%,28.6%,23%,,,,,,,,,,,,,,,,,,,,
,,,,,,,,,,,,,,,,,,,,Gumayusi,BOT,T1,,,,,,,,,,,,,,,,,,,,,,,,,,,,,,,,,,,,,,,,,,,,,,,,,,,,,,,,,,,,,,,,,,,,,,,,,,,,,,,,,Twisted Fate,1,0,1,0%,1.0,7.0,3.0,0.57,399.0,9.57,53.0,1.27,18.3,440,27.2k,651.5,66.7%,16.7%,26.1%,,,,,,,,,,,,,,,,,,,,
,,,,,,,,,,,,,,,,,,,,Gumayusi,BOT,T1,,,,,,,,,,,,,,,,,,,,,,,,,,,,,,,,,,,,,,,,,,,,,,,,,,,,,,,,,,,,,,,,,,,,,,,,,,,,,,,,,Yasuo,1,0,1,0%,1.0,5.0,1.0,0.4,287.0,9.71,34.0,1.15,11.4,384,7k,236.8,40%,20%,22.7%,,,,,,,,,,,,,,,,,,,,
,,,,,,,,,,,,,,,,,,,,Gumayusi,BOT,T1,,,,,,,,,,,,,,,,,,,,,,,,,,,,,,,,,,,,,,,,,,,,,,,,,,,,,,,,,,,,,,,,,,,,,,,,,,,,,,,,,Overall:,-,-,-,-,3.66,2.01,5.73,4.68,279.57,8.75,53.11,1.66,13.9,435,20.4k,639.4,68.6%,26.7%,22.9%,,,,,,,,,,,,,,,,,,,,
,,,,,,,,,,,,,,,,,,,,Gumayusi,BOT,T1,,,,,,,,,,,,,,,,,,,,,,,,,,,,,,,,,,,,,,,,,,,,,,,,,,,,,,,,,,,,,,,,,,,,,,,,,,,,,,,,,Total:,176,113,63,64.2%,644.0,353.0,1009.0,-,49204.0,-,9348.0,-,2447.5k,-,3596.1k,-,-,-,-,,,,,,,,,,,,,,,,,,,,
,,,,,,,,,,,,,,,,,,,,Keria,SUPPORT,T1,,,,,,,,,,,,,,,,,,,,,,,,,,,,,,,,,,,,,,,,,,,,,,,,,,,,,,,,,,,,,,,,,,,,,,,,,,,,,,,,,,,,,,,,,,,,,,,,,,,,,Renata Glasc,14,11,3,78.6%,0.64,1.36,11.71,9.11,37.0,1.18,128.93,4.12,8.4,269,6.4k,204.2,82.4%,4.3%,13.9%
,,,,,,,,,,,,,,,,,,,,Keria,SUPPORT,T1,,,,,,,,,,,,,,,,,,,,,,,,,,,,,,,,,,,,,,,,,,,,,,,,,,,,,,,,,,,,,,,,,,,,,,,,,,,,,,,,,,,,,,,,,,,,,,,,,,,,,Alistar,13,8,5,61.5%,0.38,2.77,9.92,3.72,33.85,1.02,117.38,3.54,7.9,237,5.1k,153,75.7%,2.8%,12.7%
,,,,,,,,,,,,,,,,,,,,Keria,SUPPORT,T1,,,,,,,,,,,,,,,,,,,,,,,,,,,,,,,,,,,,,,,,,,,,,,,,,,,,,,,,,,,,,,,,,,,,,,,,,,,,,,,,,,,,,,,,,,,,,,,,,,,,,Leona,13,6,7,46.2%,0.38,3.62,6.69,1.96,35.23,1.02,126.23,3.65,8,231,5.9k,171.6,60.9%,3.3%,12.5%
,,,,,,,,,,,,,,,,,,,,Keria,SUPPORT,T1,,,,,,,,,,,,,,,,,,,,,,,,,,,,,,,,,,,,,,,,,,,,,,,,,,,,,,,,,,,,,,,,,,,,,,,,,,,,,,,,,,,,,,,,,,,,,,,,,,,,,Nautilus,13,5,8,38.5%,1.08,3.77,7.92,2.39,81.92,2.43,101.85,3.02,8.9,263,6.2k,185,69.2%,8.3%,14.4%
,,,,,,,,,,,,,,,,,,,,Keria,SUPPORT,T1,,,,,,,,,,,,,,,,,,,,,,,,,,,,,,,,,,,,,,,,,,,,,,,,,,,,,,,,,,,,,,,,,,,,,,,,,,,,,,,,,,,,,,,,,,,,,,,,,,,,,Tahm Kench,12,10,2,83.3%,2.33,1.67,8.83,6.7,169.58,5.98,39.58,1.4,10.1,358,8.8k,311.6,63.5%,13.3%,17.7%
,,,,,,,,,,,,,,,,,,,,Keria,SUPPORT,T1,,,,,,,,,,,,,,,,,,,,,,,,,,,,,,,,,,,,,,,,,,,,,,,,,,,,,,,,,,,,,,,,,,,,,,,,,,,,,,,,,,,,,,,,,,,,,,,,,,,,,Nami,11,8,3,72.7%,0.45,1.0,11.36,11.82,38.91,1.21,95.36,2.96,8.5,263,9.1k,281.7,85%,3.3%,13.6%
,,,,,,,,,,,,,,,,,,,,Keria,SUPPORT,T1,,,,,,,,,,,,,,,,,,,,,,,,,,,,,,,,,,,,,,,,,,,,,,,,,,,,,,,,,,,,,,,,,,,,,,,,,,,,,,,,,,,,,,,,,,,,,,,,,,,,,Bard,10,6,4,60%,0.5,2.0,9.9,5.2,39.4,1.23,150.7,4.72,8.2,257,6k,187.7,80.6%,3.9%,13.7%
,,,,,,,,,,,,,,,,,,,,Keria,SUPPORT,T1,,,,,,,,,,,,,,,,,,,,,,,,,,,,,,,,,,,,,,,,,,,,,,,,,,,,,,,,,,,,,,,,,,,,,,,,,,,,,,,,,,,,,,,,,,,,,,,,,,,,,Braum,10,5,5,50%,0.2,2.5,6.1,2.52,28.4,0.94,103.6,3.44,7.3,241,6.3k,210,66.3%,2.1%,13.1%
,,,,,,,,,,,,,,,,,,,,Keria,SUPPORT,T1,,,,,,,,,,,,,,,,,,,,,,,,,,,,,,,,,,,,,,,,,,,,,,,,,,,,,,,,,,,,,,,,,,,,,,,,,,,,,,,,,,,,,,,,,,,,,,,,,,,,,Rell,9,5,4,55.6%,0.67,2.67,5.89,2.46,35.11,1.14,107.67,3.49,7.6,245,3.6k,115.8,63.4%,6.5%,13.2%
,,,,,,,,,,,,,,,,,,,,Keria,SUPPORT,T1,,,,,,,,,,,,,,,,,,,,,,,,,,,,,,,,,,,,,,,,,,,,,,,,,,,,,,,,,,,,,,,,,,,,,,,,,,,,,,,,,,,,,,,,,,,,,,,,,,,,,Ornn,8,8,0,100%,1.88,1.63,9.5,7,236.75,7.43,33.75,1.06,12.3,385,10.8k,340.1,55.2%,9.1%,18.9%
,,,,,,,,,,,,,,,,,,,,Keria,SUPPORT,T1,,,,,,,,,,,,,,,,,,,,,,,,,,,,,,,,,,,,,,,,,,,,,,,,,,,,,,,,,,,,,,,,,,,,,,,,,,,,,,,,,,,,,,,,,,,,,,,,,,,,,Rakan,8,4,4,50%,0.38,2.38,10.25,4.47,34.0,1.12,130.63,4.3,7.6,252,4.6k,151.1,78.7%,2.8%,13.3%
,,,,,,,,,,,,,,,,,,,,Keria,SUPPORT,T1,,,,,,,,,,,,,,,,,,,,,,,,,,,,,,,,,,,,,,,,,,,,,,,,,,,,,,,,,,,,,,,,,,,,,,,,,,,,,,,,,,,,,,,,,,,,,,,,,,,,,Neeko,7,6,1,85.7%,1.86,1.71,11.0,7.5,36.43,1.16,105.57,3.37,8.8,279,12.6k,400.8,77.6%,11.2%,14.3%
,,,,,,,,,,,,,,,,,,,,Keria,SUPPORT,T1,,,,,,,,,,,,,,,,,,,,,,,,,,,,,,,,,,,,,,,,,,,,,,,,,,,,,,,,,,,,,,,,,,,,,,,,,,,,,,,,,,,,,,,,,,,,,,,,,,,,,Ashe,6,6,0,100%,2.67,1.17,8.67,9.71,49.17,1.69,143.17,4.93,9,309,13.5k,463.7,70.8%,16.7%,15.4%
,,,,,,,,,,,,,,,,,,,,Keria,SUPPORT,T1,,,,,,,,,,,,,,,,,,,,,,,,,,,,,,,,,,,,,,,,,,,,,,,,,,,,,,,,,,,,,,,,,,,,,,,,,,,,,,,,,,,,,,,,,,,,,,,,,,,,,Poppy,4,2,2,50%,1.5,2.5,5.0,2.6,39.25,1.18,125.25,3.76,8.5,255,6.5k,195.8,63.4%,14.6%,13.8%
,,,,,,,,,,,,,,,,,,,,Keria,SUPPORT,T1,,,,,,,,,,,,,,,,,,,,,,,,,,,,,,,,,,,,,,,,,,,,,,,,,,,,,,,,,,,,,,,,,,,,,,,,,,,,,,,,,,,,,,,,,,,,,,,,,,,,,Kalista,3,3,0,100%,4.67,2.67,9.67,5.38,60.0,1.63,173.67,4.71,11,298,14.5k,392.4,65.2%,21.2%,15.1%
,,,,,,,,,,,,,,,,,,,,Keria,SUPPORT,T1,,,,,,,,,,,,,,,,,,,,,,,,,,,,,,,,,,,,,,,,,,,,,,,,,,,,,,,,,,,,,,,,,,,,,,,,,,,,,,,,,,,,,,,,,,,,,,,,,,,,,Lux,3,3,0,100%,2.0,1.0,8.0,10,44.33,1.52,100.33,3.44,8.5,292,12.9k,442.6,85.7%,17.1%,14.8%
,,,,,,,,,,,,,,,,,,,,Keria,SUPPORT,T1,,,,,,,,,,,,,,,,,,,,,,,,,,,,,,,,,,,,,,,,,,,,,,,,,,,,,,,,,,,,,,,,,,,,,,,,,,,,,,,,,,,,,,,,,,,,,,,,,,,,,Pyke,3,3,0,100%,2.67,2.0,6.0,4.33,42.0,1.27,155.33,4.7,9.7,293,8k,241.7,55.3%,17%,14.9%
,,,,,,,,,,,,,,,,,,,,Keria,SUPPORT,T1,,,,,,,,,,,,,,,,,,,,,,,,,,,,,,,,,,,,,,,,,,,,,,,,,,,,,,,,,,,,,,,,,,,,,,,,,,,,,,,,,,,,,,,,,,,,,,,,,,,,,Milio,3,2,1,66.7%,0.0,1.33,7.67,5.75,69.67,2.16,99.0,3.07,8.7,269,4.1k,128.2,69.7%,0%,14.2%
,,,,,,,,,,,,,,,,,,,,Keria,SUPPORT,T1,,,,,,,,,,,,,,,,,,,,,,,,,,,,,,,,,,,,,,,,,,,,,,,,,,,,,,,,,,,,,,,,,,,,,,,,,,,,,,,,,,,,,,,,,,,,,,,,,,,,,Rumble,3,2,1,66.7%,2.33,5.67,9.33,2.06,49.33,1.37,113.33,3.15,10.1,281,21.7k,602.8,60.3%,12.1%,14%
,,,,,,,,,,,,,,,,,,,,Keria,SUPPORT,T1,,,,,,,,,,,,,,,,,,,,,,,,,,,,,,,,,,,,,,,,,,,,,,,,,,,,,,,,,,,,,,,,,,,,,,,,,,,,,,,,,,,,,,,,,,,,,,,,,,,,,Sejuani,3,2,1,66.7%,0.33,2.67,9.0,3.5,263.0,7.68,42.67,1.25,12.6,367,10.8k,315.4,65.1%,2.3%,19.2%
,,,,,,,,,,,,,,,,,,,,Keria,SUPPORT,T1,,,,,,,,,,,,,,,,,,,,,,,,,,,,,,,,,,,,,,,,,,,,,,,,,,,,,,,,,,,,,,,,,,,,,,,,,,,,,,,,,,,,,,,,,,,,,,,,,,,,,Lulu,3,1,2,33.3%,0.67,1.33,6.67,5.5,24.67,0.72,101.33,2.98,8.2,240,5.5k,161.7,78.6%,7.1%,13.2%
,,,,,,,,,,,,,,,,,,,,Keria,SUPPORT,T1,,,,,,,,,,,,,,,,,,,,,,,,,,,,,,,,,,,,,,,,,,,,,,,,,,,,,,,,,,,,,,,,,,,,,,,,,,,,,,,,,,,,,,,,,,,,,,,,,,,,,Senna,3,1,2,33.3%,0.67,2.33,7.33,3.43,42.67,1.32,104.67,3.24,9.2,284,17.6k,543.2,85.7%,7.1%,15.8%
,,,,,,,,,,,,,,,,,,,,Keria,SUPPORT,T1,,,,,,,,,,,,,,,,,,,,,,,,,,,,,,,,,,,,,,,,,,,,,,,,,,,,,,,,,,,,,,,,,,,,,,,,,,,,,,,,,,,,,,,,,,,,,,,,,,,,,Camille,2,1,1,50%,2.0,4.5,7.0,2,37.5,1.21,133.0,4.28,8,256,8.9k,286.9,78.3%,17.4%,13.8%
,,,,,,,,,,,,,,,,,,,,Keria,SUPPORT,T1,,,,,,,,,,,,,,,,,,,,,,,,,,,,,,,,,,,,,,,,,,,,,,,,,,,,,,,,,,,,,,,,,,,,,,,,,,,,,,,,,,,,,,,,,,,,,,,,,,,,,Sion,2,1,1,50%,1.0,3.0,5.0,2,253.0,7.19,32.5,0.92,11.8,336,8.7k,246.5,42.9%,7.1%,17.8%
,,,,,,,,,,,,,,,,,,,,Keria,SUPPORT,T1,,,,,,,,,,,,,,,,,,,,,,,,,,,,,,,,,,,,,,,,,,,,,,,,,,,,,,,,,,,,,,,,,,,,,,,,,,,,,,,,,,,,,,,,,,,,,,,,,,,,,Ezreal,1,1,0,100%,2.0,1.0,7.0,9,68.0,2.26,98.0,3.25,9.3,307,16.4k,545.8,64.3%,14.3%,15.2%
,,,,,,,,,,,,,,,,,,,,Keria,SUPPORT,T1,,,,,,,,,,,,,,,,,,,,,,,,,,,,,,,,,,,,,,,,,,,,,,,,,,,,,,,,,,,,,,,,,,,,,,,,,,,,,,,,,,,,,,,,,,,,,,,,,,,,,Hwei,1,1,0,100%,1.0,2.0,10.0,5.5,38.0,1.52,77.0,3.08,7.4,294,16.2k,648.7,61.1%,5.6%,14%
,,,,,,,,,,,,,,,,,,,,Keria,SUPPORT,T1,,,,,,,,,,,,,,,,,,,,,,,,,,,,,,,,,,,,,,,,,,,,,,,,,,,,,,,,,,,,,,,,,,,,,,,,,,,,,,,,,,,,,,,,,,,,,,,,,,,,,Karma,1,1,0,100%,1.0,2.0,13.0,7,39.0,1.3,105.0,3.5,8.7,290,12.6k,418.7,82.4%,5.9%,14.9%
,,,,,,,,,,,,,,,,,,,,Keria,SUPPORT,T1,,,,,,,,,,,,,,,,,,,,,,,,,,,,,,,,,,,,,,,,,,,,,,,,,,,,,,,,,,,,,,,,,,,,,,,,,,,,,,,,,,,,,,,,,,,,,,,,,,,,,Soraka,1,1,0,100%,2.0,0.0,6.0,8,28.0,1.04,107.0,3.96,8.1,301,6.5k,239.2,72.7%,18.2%,14.3%
,,,,,,,,,,,,,,,,,,,,Keria,SUPPORT,T1,,,,,,,,,,,,,,,,,,,,,,,,,,,,,,,,,,,,,,,,,,,,,,,,,,,,,,,,,,,,,,,,,,,,,,,,,,,,,,,,,,,,,,,,,,,,,,,,,,,,,Lee Sin,1,0,1,0%,2.0,3.0,7.0,3,250.0,8.43,35.0,1.18,10.7,362,8.2k,275.9,100%,22.2%,22.4%
,,,,,,,,,,,,,,,,,,,,Keria,SUPPORT,T1,,,,,,,,,,,,,,,,,,,,,,,,,,,,,,,,,,,,,,,,,,,,,,,,,,,,,,,,,,,,,,,,,,,,,,,,,,,,,,,,,,,,,,,,,,,,,,,,,,,,,Maokai,1,0,1,0%,0.0,5.0,6.0,1.2,239.0,7.53,34.0,1.07,10.4,329,9.7k,305.3,85.7%,0%,19.1%
,,,,,,,,,,,,,,,,,,,,Keria,SUPPORT,T1,,,,,,,,,,,,,,,,,,,,,,,,,,,,,,,,,,,,,,,,,,,,,,,,,,,,,,,,,,,,,,,,,,,,,,,,,,,,,,,,,,,,,,,,,,,,,,,,,,,,,Seraphine,1,0,1,0%,0.0,1.0,0.0,0,21.0,0.68,86.0,2.8,7.4,242,10k,326.8,-nan%,-nan%,15%
,,,,,,,,,,,,,,,,,,,,Keria,SUPPORT,T1,,,,,,,,,,,,,,,,,,,,,,,,,,,,,,,,,,,,,,,,,,,,,,,,,,,,,,,,,,,,,,,,,,,,,,,,,,,,,,,,,,,,,,,,,,,,,,,,,,,,,Shen,1,0,1,0%,1.0,6.0,10.0,1.83,43.0,1.08,190.0,4.79,9.4,237,9.7k,243.5,78.6%,7.1%,13.5%
,,,,,,,,,,,,,,,,,,,,Keria,SUPPORT,T1,,,,,,,,,,,,,,,,,,,,,,,,,,,,,,,,,,,,,,,,,,,,,,,,,,,,,,,,,,,,,,,,,,,,,,,,,,,,,,,,,,,,,,,,,,,,,,,,,,,,,Thresh,1,0,1,0%,0.0,2.0,11.0,5.5,36.0,1.01,109.0,3.06,7.6,213,8.6k,240.6,84.6%,0%,11.9%
,,,,,,,,,,,,,,,,,,,,Keria,SUPPORT,T1,,,,,,,,,,,,,,,,,,,,,,,,,,,,,,,,,,,,,,,,,,,,,,,,,,,,,,,,,,,,,,,,,,,,,,,,,,,,,,,,,,,,,,,,,,,,,,,,,,,,,Zilean,1,0,1,0%,0.0,0.0,1.0,1,33.0,1,108.0,3.26,7.4,223,4.1k,123.3,33.3%,0%,13.4%
,,,,,,,,,,,,,,,,,,,,Keria,SUPPORT,T1,,,,,,,,,,,,,,,,,,,,,,,,,,,,,,,,,,,,,,,,,,,,,,,,,,,,,,,,,,,,,,,,,,,,,,,,,,,,,,,,,,,,,,,,,,,,,,,,,,,,,Overall:,-,-,-,-,1.06,2.31,8.64,4.2,68.03,2.13,106.23,3.32,8.8,275,8k,251.7,70.9%,7.8%,14.5%
,,,,,,,,,,,,,,,,,,,,Keria,SUPPORT,T1,,,,,,,,,,,,,,,,,,,,,,,,,,,,,,,,,,,,,,,,,,,,,,,,,,,,,,,,,,,,,,,,,,,,,,,,,,,,,,,,,,,,,,,,,,,,,,,,,,,,,Total:,176,113,63,64.2%,187.0,406.0,1520.0,-,11974.0,-,18697.0,-,1545.2k,-,1415.6k,-,-,-,-
