Champion,Games,Wins,Losses,WinRate,Kills,Deaths,Assists,KDA,CS,CS_per_min,VisionScore,VisionScore_per_min,Gold,Gold_per_min,Damage,Damage_per_min,KillParticipation,KillShare,GoldShare,Player,Role,Team
Rumble,22,12,10,54.5%,2.59,3.09,6.27,2.87,235.77,6.9,35.86,1.05,11.9,349,21.5k,628.5,59.5%,17.4%,19.1%,PerfecT (Lee Seung-min),TOP,KT Rolster
Renekton,16,12,4,75%,2.75,2.31,6.94,4.19,240.69,7.91,34.38,1.13,11.8,387,16.4k,538.2,53.6%,15.2%,20.3%,PerfecT (Lee Seung-min),TOP,KT Rolster
Sion,15,8,7,53.3%,1.2,2.27,5.87,3.12,225.07,7.39,33.73,1.11,10.4,343,14.2k,466.3,49.1%,8.3%,18.9%,PerfecT (Lee Seung-min),TOP,KT Rolster
Jayce,13,9,4,69.2%,3.46,2.62,7.23,4.09,271.85,8.06,37.92,1.12,13.7,408,24.6k,729.4,60.2%,19.5%,21.3%,PerfecT (Lee Seung-min),TOP,KT Rolster
Ambessa,12,3,9,25%,2.42,3.08,3.75,2,242.92,7.52,31.25,0.97,11.8,366,14.7k,453.9,51%,20%,21.1%,PerfecT (Lee Seung-min),TOP,KT Rolster
Gwen,11,8,3,72.7%,4.09,3.45,6.82,3.16,238.45,7.08,40.45,1.2,13,387,18k,533.1,54.5%,20.5%,20.3%,PerfecT (Lee Seung-min),TOP,KT Rolster
Yorick,10,6,4,60%,1.7,2.9,5.1,2.34,268.4,8.06,35.5,1.07,12.7,381,16.7k,501.2,42.2%,10.6%,20.5%,PerfecT (Lee Seung-min),TOP,KT Rolster
Ksante,9,3,6,33.3%,1.33,2.33,4.56,2.52,242.67,7.95,31.78,1.04,10.7,351,11.5k,377.7,50%,11.3%,20.2%,PerfecT (Lee Seung-min),TOP,KT Rolster
Ornn,7,5,2,71.4%,1.29,1.86,6.14,4,230.0,7.43,32.14,1.04,10.9,353,13.3k,430.5,57.1%,9.9%,18.9%,PerfecT (Lee Seung-min),TOP,KT Rolster
Jax,3,2,1,66.7%,1.67,2.67,4.67,2.38,251.33,8.1,38.0,1.23,11.6,375,13.5k,435.7,41.3%,10.9%,20%,PerfecT (Lee Seung-min),TOP,KT Rolster
Gnar,2,1,1,50%,2.0,2.5,8.0,4,255.5,7.85,41.5,1.28,12.6,386,17.9k,548.9,69%,13.8%,21.4%,PerfecT (Lee Seung-min),TOP,KT Rolster
RekSai,2,1,1,50%,2.5,1.5,7.5,6.67,369.0,9.04,52.0,1.27,17.4,425,24.6k,601.6,51.3%,12.8%,21.9%,PerfecT (Lee Seung-min),TOP,KT Rolster
Aatrox,1,1,0,100%,6.0,1.0,10.0,16,287.0,8.61,33.0,0.99,14,420,27.1k,811.6,55.2%,20.7%,21%,PerfecT (Lee Seung-min),TOP,KT Rolster
Gragas,1,1,0,100%,2.0,0.0,6.0,8,270.0,9.04,28.0,0.94,12.8,428,14.3k,480,53.3%,13.3%,20.3%,PerfecT (Lee Seung-min),TOP,KT Rolster
Aurora,1,0,1,0%,8.0,2.0,10.0,9,248.0,6.82,47.0,1.29,14.7,404,29.6k,814.3,90%,40%,22.3%,PerfecT (Lee Seung-min),TOP,KT Rolster
Camille,1,0,1,0%,2.0,4.0,6.0,2,245.0,7.91,33.0,1.07,11.4,367,19.6k,631.6,72.7%,18.2%,21.2%,PerfecT (Lee Seung-min),TOP,KT Rolster
Galio,1,0,1,0%,0.0,3.0,9.0,3,245.0,6.37,50.0,1.3,11.9,310,13.5k,350.3,75%,0%,17.8%,PerfecT (Lee Seung-min),TOP,KT Rolster
Mordekaiser,1,0,1,0%,1.0,4.0,2.0,0.75,193.0,6.51,30.0,1.01,8.6,290,19.1k,642.5,37.5%,12.5%,19.7%,PerfecT (Lee Seung-min),TOP,KT Rolster
XinZhao,21,10,11,47.6%,3.0,3.14,7.1,3.21,210.9,6.4,57.1,1.73,11.7,354,15.3k,464.4,70.4%,20.9%,19.7%,Cuzz,JUNGLE,KT Rolster
Trundle,20,9,11,45%,2.7,2.75,7.8,3.82,206.15,6.31,66.2,2.03,11.7,360,11.8k,362.3,77.2%,19.9%,19.9%,Cuzz,JUNGLE,KT Rolster
Wukong,19,13,6,68.4%,4.42,2.05,9.26,6.67,226.11,6.9,58.74,1.79,12.8,390,15.2k,462.8,78.1%,25.2%,20.6%,Cuzz,JUNGLE,KT Rolster
JarvanIV,11,8,3,72.7%,4.0,2.73,11.82,5.8,211.82,6.44,60.27,1.83,12.8,390,13.9k,422.1,89.7%,22.7%,20.6%,Cuzz,JUNGLE,KT Rolster
Nidalee,9,6,3,66.7%,2.44,1.33,8.67,8.33,215.22,6.98,61.56,2,11.8,382,18.9k,614.4,82%,18%,20.4%,Cuzz,JUNGLE,KT Rolster
Pantheon,7,3,4,42.9%,3.57,3.71,5.86,2.54,200.86,6.41,43.43,1.39,11,352,13.7k,436.7,67.3%,25.5%,19.6%,Cuzz,JUNGLE,KT Rolster
Vi,7,2,5,28.6%,3.71,2.57,4.29,3.11,214.43,6.71,47.29,1.48,11.7,365,13.1k,409.2,72.7%,33.8%,20.9%,Cuzz,JUNGLE,KT Rolster
Viego,7,2,5,28.6%,3.57,3.57,4.86,2.36,214.86,7.03,57.71,1.89,11.6,380,12.6k,411.1,78.7%,33.3%,21.8%,Cuzz,JUNGLE,KT Rolster
Lillia,4,2,2,50%,2.75,1.25,7.25,8,253.25,7.47,52.25,1.54,12.7,375,18.9k,556.9,70.2%,19.3%,20.4%,Cuzz,JUNGLE,KT Rolster
Sejuani,4,1,3,25%,1.75,1.75,8.0,5.57,199.25,5.97,67.5,2.02,11,329,13.6k,408.1,73.6%,13.2%,18.8%,Cuzz,JUNGLE,KT Rolster
Skarner,4,0,4,0%,0.25,3.75,6.5,1.8,165.0,5.36,42.25,1.37,9,292,10k,323.1,77.1%,2.9%,17.7%,Cuzz,JUNGLE,KT Rolster
Nocturne,3,2,1,66.7%,4.0,2.67,9.33,5,214.0,6.74,45.0,1.42,12.4,390,14k,440.6,61.5%,18.5%,20.9%,Cuzz,JUNGLE,KT Rolster
Zyra,3,2,1,66.7%,3.33,3.0,6.67,3.33,232.0,7.29,56.0,1.76,12.2,383,19.9k,625.1,61.2%,20.4%,20.2%,Cuzz,JUNGLE,KT Rolster
DrMundo,2,2,0,100%,4.5,0.0,9.5,28,243.5,6.76,79.5,2.21,13.9,387,26.5k,735.3,71.8%,23.1%,20.2%,Cuzz,JUNGLE,KT Rolster
Poppy,2,1,1,50%,2.5,2.5,6.5,3.6,201.0,6.48,53.5,1.72,10.7,344,12.7k,409.3,69.2%,19.2%,19.1%,Cuzz,JUNGLE,KT Rolster
Naafiri,2,0,2,0%,2.0,3.0,2.0,1.33,196.0,6.47,48.5,1.6,10.1,332,13.3k,439.2,66.7%,33.3%,20.3%,Cuzz,JUNGLE,KT Rolster
Fiddlesticks,1,1,0,100%,7.0,1.0,16.0,23,218.0,6.75,91.0,2.82,12.6,389,17.7k,546.4,85.2%,25.9%,19.6%,Cuzz,JUNGLE,KT Rolster
Sylas,1,1,0,100%,3.0,3.0,10.0,4.33,252.0,7.64,51.0,1.55,13.5,408,19.7k,598.4,65%,15%,20.7%,Cuzz,JUNGLE,KT Rolster
Zed,1,1,0,100%,6.0,2.0,9.0,7.5,231.0,8.54,33.0,1.22,11.9,440,16.1k,596.1,71.4%,28.6%,22.2%,Cuzz,JUNGLE,KT Rolster
Maokai,1,0,1,0%,2.0,2.0,6.0,4,196.0,5.53,63.0,1.78,10.8,305,12.5k,351.8,88.9%,22.2%,18%,Cuzz,JUNGLE,KT Rolster
Qiyana,1,0,1,0%,6.0,6.0,3.0,1.5,273.0,6.98,105.0,2.68,14.9,380,18.3k,468.9,60%,40%,21.3%,Cuzz,JUNGLE,KT Rolster
Ryze,21,13,8,61.9%,3.52,2.14,6.62,4.73,327.0,9.82,38.81,1.17,14.8,445,20.5k,616.1,71.5%,24.8%,24%,Bdd,MID,KT Rolster
Taliyah,18,8,10,44.4%,3.61,2.56,7.56,4.37,289.56,8.87,34.22,1.05,13.5,413,21.2k,649.6,74.2%,24%,22.6%,Bdd,MID,KT Rolster
Ahri,14,6,8,42.9%,4.57,2.14,6.93,5.37,269.21,8.36,35.86,1.11,12.9,401,23.1k,718,75.9%,30.2%,22.4%,Bdd,MID,KT Rolster
Yone,10,7,3,70%,3.9,1.5,5.7,6.4,324.5,9.52,38.4,1.13,15.1,442,20.9k,613.9,61.9%,25.2%,23.4%,Bdd,MID,KT Rolster
Azir,10,5,5,50%,4.4,2.4,5.3,4.04,291.3,9.05,36.4,1.13,14,434,24.8k,771.6,69.8%,31.7%,23.8%,Bdd,MID,KT Rolster
Annie,10,4,6,40%,2.8,2.6,7.9,4.12,211.0,6.89,31.0,1.01,10.9,355,18k,586.1,67.3%,17.6%,19.7%,Bdd,MID,KT Rolster
Aurora,6,4,2,66.7%,5.5,2.33,8.83,6.14,248.67,8.04,37.0,1.2,13,420,23k,744.7,68.8%,26.4%,21.9%,Bdd,MID,KT Rolster
Cassiopeia,6,3,3,50%,3.5,2.33,7.67,4.79,261.17,8.13,36.17,1.13,12.4,387,19.8k,617.7,81.7%,25.6%,21.9%,Bdd,MID,KT Rolster
Orianna,5,3,2,60%,3.4,1.2,8.8,10.17,273.6,8.77,36.0,1.15,13,418,20.2k,648.6,91%,25.4%,22.5%,Bdd,MID,KT Rolster
Viktor,5,1,4,20%,2.8,3.2,5.2,2.5,268.4,9.04,27.8,0.94,11.6,392,23.9k,805.9,72.7%,25.5%,22.7%,Bdd,MID,KT Rolster
Syndra,4,4,0,100%,4.75,1.5,9.0,9.17,274.0,8.23,38.5,1.16,13.9,417,20.4k,612.2,72.4%,25%,21.3%,Bdd,MID,KT Rolster
Corki,3,1,2,33.3%,4.67,1.33,2.0,5,285.0,9.97,30.33,1.06,12.7,443,20.8k,728.1,71.4%,50%,25.1%,Bdd,MID,KT Rolster
Sylas,3,1,2,33.3%,3.67,3.0,4.33,2.67,257.0,7.9,38.0,1.17,12.2,375,15.7k,482.1,66.7%,30.6%,21.2%,Bdd,MID,KT Rolster
Tristana,2,2,0,100%,9.5,1.5,5.5,10,301.5,8.79,36.5,1.06,16.9,492,24.4k,711.9,73.2%,46.3%,25.8%,Bdd,MID,KT Rolster
Zoe,2,2,0,100%,8.5,1.5,9.0,11.67,264.0,7.84,46.0,1.37,15.5,459,28.6k,848.5,79.5%,38.6%,23.8%,Bdd,MID,KT Rolster
Galio,2,0,2,0%,1.0,3.0,4.0,1.67,238.0,7.76,30.5,0.99,10.3,335,20.2k,659.6,62.5%,12.5%,20.9%,Bdd,MID,KT Rolster
Lissandra,1,1,0,100%,9.0,2.0,13.0,11,329.0,7.89,46.0,1.1,18.2,437,36.2k,868.8,88%,36%,22.5%,Bdd,MID,KT Rolster
Mel,1,1,0,100%,12.0,5.0,6.0,3.6,310.0,7.29,50.0,1.18,18.8,443,38.7k,909.1,75%,50%,21.3%,Bdd,MID,KT Rolster
Akali,1,0,1,0%,0.0,2.0,3.0,1.5,212.0,7.32,27.0,0.93,9,310,13.1k,452.5,60%,0%,19.9%,Bdd,MID,KT Rolster
Hwei,1,0,1,0%,4.0,2.0,4.0,4,276.0,8.21,34.0,1.01,11.8,350,15.3k,455,72.7%,36.4%,20.7%,Bdd,MID,KT Rolster
Malzahar,1,0,1,0%,4.0,3.0,4.0,2.67,345.0,9.46,26.0,0.71,15.3,420,23.3k,638.7,72.7%,36.4%,25.6%,Bdd,MID,KT Rolster
Smolder,1,0,1,0%,8.0,4.0,1.0,2.25,373.0,10.14,27.0,0.73,18,490,24.5k,666.6,81.8%,72.7%,29.5%,Bdd,MID,KT Rolster
Swain,1,0,1,0%,1.0,3.0,1.0,0.67,221.0,7.75,39.0,1.37,9.3,326,13.3k,467.3,100%,50%,21%,Bdd,MID,KT Rolster
TwistedFate,1,0,1,0%,1.0,1.0,0.0,1,270.0,9.51,33.0,1.16,12.1,427,18.3k,645.9,50%,50%,26.4%,Bdd,MID,KT Rolster
Zeri,1,0,1,0%,2.0,4.0,2.0,1,251.0,8.83,29.0,1.02,10.5,368,21.1k,741.9,80%,40%,23.2%,Bdd,MID,KT Rolster
Jhin,19,7,12,36.8%,3.79,1.79,5.53,5.21,282.58,8.77,30.05,0.93,13.1,405,18.7k,580.4,70%,28.5%,22.8%,deokdam,BOT,KT Rolster
Ezreal,18,13,5,72.2%,4.94,2.06,8.33,6.46,298.5,9.02,36.44,1.1,14.6,442,28.9k,873.3,69.9%,26%,22.9%,deokdam,BOT,KT Rolster
Varus,12,5,7,41.7%,3.75,3.0,6.33,3.36,284.83,8.54,37.92,1.14,13.5,406,25k,749.6,71.6%,26.6%,22.5%,deokdam,BOT,KT Rolster
Corki,10,6,4,60%,5.9,3.2,6.4,3.84,309.1,9.08,36.2,1.06,15.3,449,29.6k,870.5,68.3%,32.8%,24.4%,deokdam,BOT,KT Rolster
Ziggs,9,4,5,44.4%,2.78,3.0,6.67,3.15,265.0,8.49,31.33,1,12.3,394,25.5k,816.5,65.4%,19.2%,22.1%,deokdam,BOT,KT Rolster
Ashe,8,6,2,75%,2.88,2.63,8.0,4.14,268.5,8.47,43.25,1.36,12.8,402,18.1k,569.8,63.5%,16.8%,21%,deokdam,BOT,KT Rolster
Caitlyn,8,6,2,75%,5.63,3.13,4.5,3.24,288.75,8.54,35.63,1.05,15.1,447,26.2k,774.9,69.2%,38.5%,24%,deokdam,BOT,KT Rolster
Kalista,8,6,2,75%,6.88,1.63,6.38,8.15,318.75,9,55.25,1.56,16.3,461,23.2k,655.2,79.7%,41.4%,24.4%,deokdam,BOT,KT Rolster
Xayah,8,4,4,50%,6.13,2.25,4.13,4.56,265.5,9.11,24.5,0.84,13.4,459,23.6k,809,75.2%,45%,25.2%,deokdam,BOT,KT Rolster
Sivir,6,2,4,33.3%,4.0,3.0,7.5,3.83,290.5,9.41,33.83,1.1,13.8,446,21.9k,711.1,78.4%,27.3%,24.1%,deokdam,BOT,KT Rolster
Jinx,4,3,1,75%,4.0,2.75,6.5,3.82,322.0,9.83,29.25,0.89,14.4,440,22.8k,695.3,71.2%,27.1%,23%,deokdam,BOT,KT Rolster
KaiSa,4,1,3,25%,6.75,3.0,3.25,3.33,273.0,9.13,33.75,1.13,14,469,21.7k,725.4,71.4%,48.2%,26.5%,deokdam,BOT,KT Rolster
Senna,3,3,0,100%,4.33,0.67,11.33,23.5,246.0,7.98,41.67,1.35,13.2,428,25.4k,823,88.7%,24.5%,22.4%,deokdam,BOT,KT Rolster
MissFortune,3,1,2,33.3%,3.0,3.0,5.0,2.67,306.67,9.29,41.67,1.26,14,425,19.8k,598.2,82.8%,31%,25.1%,deokdam,BOT,KT Rolster
Yunara,3,1,2,33.3%,4.33,2.0,4.0,4.17,301.33,9.86,37.67,1.23,13.5,443,22.3k,729,69.4%,36.1%,25.6%,deokdam,BOT,KT Rolster
Aphelios,2,0,2,0%,5.5,2.5,5.0,4.2,338.0,9.24,37.0,1.01,16.2,442,29.8k,815.8,77.8%,40.7%,26.3%,deokdam,BOT,KT Rolster
Tristana,2,0,2,0%,2.5,3.5,2.0,1.29,252.5,8.16,26.0,0.84,11.2,363,16.4k,529.7,69.2%,38.5%,23.1%,deokdam,BOT,KT Rolster
Zeri,2,0,2,0%,6.0,3.0,2.0,2.67,312.0,9.26,40.5,1.2,15.2,452,27k,800.5,94.1%,70.6%,27.2%,deokdam,BOT,KT Rolster
Smolder,1,0,1,0%,1.0,4.0,7.0,2,267.0,9.48,36.0,1.28,10.7,379,14.6k,518.7,80%,10%,23%,deokdam,BOT,KT Rolster
Alistar,28,18,10,64.3%,0.79,3.89,12.25,3.35,30.61,0.95,113.36,3.5,8.1,251,5k,155.4,75.1%,4.5%,13.3%,Peter (Jeong Yoon-su),SUPPORT,KT Rolster
Leona,22,10,12,45.5%,0.5,4.32,8.59,2.11,35.77,1.11,122.64,3.81,7.8,242,6k,185.9,69%,3.8%,13.5%,Peter (Jeong Yoon-su),SUPPORT,KT Rolster
Neeko,15,12,3,80%,1.07,3.4,12.33,3.94,39.73,1.16,129.07,3.77,9.2,269,13k,379.6,72%,5.7%,14%,Peter (Jeong Yoon-su),SUPPORT,KT Rolster
Rakan,15,9,6,60%,0.47,2.93,14.87,5.23,33.6,1.04,127.27,3.94,8.3,256,5.4k,166.4,82.1%,2.5%,13.5%,Peter (Jeong Yoon-su),SUPPORT,KT Rolster
Nautilus,12,7,5,58.3%,1.08,3.83,12.67,3.59,33.42,1.03,123.08,3.78,8.3,253,5.1k,157.3,71.7%,5.7%,13.6%,Peter (Jeong Yoon-su),SUPPORT,KT Rolster
Braum,11,7,4,63.6%,0.64,3.27,11.82,3.81,33.73,1.05,113.73,3.53,8.2,253,5.7k,177.5,72.5%,3.7%,13.4%,Peter (Jeong Yoon-su),SUPPORT,KT Rolster
Rell,11,5,6,45.5%,0.82,3.64,11.18,3.3,30.36,1.02,104.55,3.5,7.3,244,5k,167.4,81.5%,5.6%,13.5%,Peter (Jeong Yoon-su),SUPPORT,KT Rolster
Poppy,8,4,4,50%,2.25,3.88,10.38,3.26,32.88,1.02,120.25,3.73,8.5,263,8.4k,259.7,83.5%,14.9%,14.5%,Peter (Jeong Yoon-su),SUPPORT,KT Rolster
Elise,4,2,2,50%,2.75,2.0,10.75,6.75,34.75,1.12,126.0,4.04,9.1,293,11.4k,366.2,68.4%,13.9%,15.6%,Peter (Jeong Yoon-su),SUPPORT,KT Rolster
Lulu,4,2,2,50%,1.0,2.0,9.75,5.38,28.75,0.93,101.25,3.28,7.9,257,4.9k,159.8,81.1%,7.5%,13.6%,Peter (Jeong Yoon-su),SUPPORT,KT Rolster
TahmKench,3,2,1,66.7%,0.0,2.67,10.0,3.75,29.0,0.94,101.67,3.31,7,227,5.8k,187.7,63.8%,0%,12.7%,Peter (Jeong Yoon-su),SUPPORT,KT Rolster
Renata,3,1,2,33.3%,0.0,1.67,9.67,5.8,35.0,1.04,120.67,3.57,7.8,230,5.7k,167.8,85.3%,0%,13.2%,Peter (Jeong Yoon-su),SUPPORT,KT Rolster
Karma,1,1,0,100%,2.0,0.0,16.0,18,25.0,1.16,64.0,2.97,7.2,333,5.5k,256.1,90%,10%,15.4%,Peter (Jeong Yoon-su),SUPPORT,KT Rolster
Maokai,1,1,0,100%,1.0,5.0,21.0,4.4,38.0,0.91,138.0,3.31,10.6,254,10.5k,252.6,88%,4%,13.1%,Peter (Jeong Yoon-su),SUPPORT,KT Rolster
Pantheon,1,1,0,100%,2.0,3.0,9.0,3.67,41.0,1.23,133.0,4,9.2,278,10.4k,312.7,52.4%,9.5%,14.1%,Peter (Jeong Yoon-su),SUPPORT,KT Rolster
Pyke,1,1,0,100%,3.0,2.0,9.0,6,30.0,1.2,105.0,4.19,7.3,293,7.8k,310.3,57.1%,14.3%,14.2%,Peter (Jeong Yoon-su),SUPPORT,KT Rolster
Bard,1,0,1,0%,1.0,5.0,3.0,0.8,29.0,0.8,131.0,3.6,8.4,231,6.8k,187.5,66.7%,16.7%,13.7%,Peter (Jeong Yoon-su),SUPPORT,KT Rolster
Senna,1,0,1,0%,1.0,4.0,4.0,1.25,34.0,1.21,93.0,3.32,7.2,258,12.1k,430.8,100%,20%,17.2%,Peter (Jeong Yoon-su),SUPPORT,KT Rolster
Shen,1,0,1,0%,2.0,3.0,11.0,4.33,43.0,1.45,111.0,3.75,7.5,255,5.9k,199.2,92.9%,14.3%,14.7%,Peter (Jeong Yoon-su),SUPPORT,KT Rolster
Rumble,22,14,8,63.6%,3.45,3.32,7.14,3.19,242.27,7.74,31.59,1.01,12.3,393,21.3k,681.7,60.2%,19.6%,20.3%,Doran (Choi Hyeon-joon),TOP,T1
Gwen,21,14,7,66.7%,4.0,3.62,5.29,2.57,249.57,8.07,34.48,1.11,13,420,20.3k,656.3,55.6%,23.9%,21.8%,Doran (Choi Hyeon-joon),TOP,T1
Ambessa,17,9,8,52.9%,3.59,3.24,4.88,2.62,250.29,8.03,28.88,0.93,12.3,395,21.6k,693.5,61%,25.8%,21.2%,Doran (Choi Hyeon-joon),TOP,T1
Jax,14,7,7,50%,2.29,3.79,3.64,1.57,267.07,7.91,37.71,1.12,13.1,388,16.6k,491.4,44.1%,17%,21.3%,Doran (Choi Hyeon-joon),TOP,T1
Renekton,12,10,2,83.3%,2.25,3.58,7.25,2.65,294.17,8.4,43.83,1.25,14,400,19.1k,545.2,58.8%,13.9%,20.8%,Doran (Choi Hyeon-joon),TOP,T1
Sion,12,4,8,33.3%,2.42,3.5,8.5,3.12,271.0,7.69,41.17,1.17,13.3,377,19.5k,554.5,72%,15.9%,20.3%,Doran (Choi Hyeon-joon),TOP,T1
Jayce,10,7,3,70%,2.5,3.9,6.6,2.33,256.9,8.22,34.4,1.1,12.9,413,21.8k,697.2,61.9%,17%,21.4%,Doran (Choi Hyeon-joon),TOP,T1
Ornn,9,7,2,77.8%,1.56,3.0,12.0,4.52,206.0,6.72,32.33,1.05,10.9,355,14.2k,461.7,67.4%,7.7%,18.1%,Doran (Choi Hyeon-joon),TOP,T1
Ksante,9,6,3,66.7%,2.33,2.33,6.67,3.86,239.89,7.31,31.22,0.95,12.2,370,15.2k,463.1,50.9%,13.2%,19.4%,Doran (Choi Hyeon-joon),TOP,T1
Gragas,7,5,2,71.4%,1.29,1.86,8.29,5.15,231.57,7.24,31.14,0.97,11.2,349,19k,594.9,56.8%,7.6%,18.6%,Doran (Choi Hyeon-joon),TOP,T1
Camille,6,5,1,83.3%,5.0,4.17,8.17,3.16,235.67,7.76,29.83,0.98,12.8,423,19.8k,651.6,55.6%,21.1%,20.6%,Doran (Choi Hyeon-joon),TOP,T1
Aurora,6,3,3,50%,3.83,1.83,5.67,5.18,263.17,8.05,35.67,1.09,12.8,393,24.7k,754.6,54.3%,21.9%,20.8%,Doran (Choi Hyeon-joon),TOP,T1
Yorick,6,3,3,50%,2.67,3.67,2.33,1.36,269.17,8.47,34.67,1.09,13,410,22.1k,694.3,41.7%,22.2%,22.1%,Doran (Choi Hyeon-joon),TOP,T1
Galio,3,3,0,100%,1.67,1.0,10.67,12.33,222.33,7.41,32.0,1.07,11.5,383,15k,499.9,55.2%,7.5%,19%,Doran (Choi Hyeon-joon),TOP,T1
Aatrox,3,2,1,66.7%,2.33,2.67,4.33,2.5,280.0,8.43,37.33,1.12,13,390,18.1k,544.7,38.5%,13.5%,20%,Doran (Choi Hyeon-joon),TOP,T1
Gnar,3,2,1,66.7%,4.33,3.33,5.67,3,259.0,8.89,40.67,1.4,13.3,456,24.3k,835.4,57.7%,25%,23.2%,Doran (Choi Hyeon-joon),TOP,T1
RekSai,3,1,2,33.3%,2.33,6.0,5.67,1.33,224.0,6.6,37.67,1.11,11.8,348,19.9k,585.2,64.9%,18.9%,19.5%,Doran (Choi Hyeon-joon),TOP,T1
Gangplank,1,1,0,100%,0.0,2.0,17.0,8.5,301.0,8.87,34.0,1,16.9,497,22.6k,667.3,68%,0%,23.2%,Doran (Choi Hyeon-joon),TOP,T1
Kennen,1,1,0,100%,3.0,3.0,9.0,4,229.0,8.02,46.0,1.61,11.9,416,20.9k,730.3,52.2%,13%,20.3%,Doran (Choi Hyeon-joon),TOP,T1
Mordekaiser,1,1,0,100%,1.0,0.0,1.0,2,276.0,9.14,33.0,1.09,11.5,380,13.1k,434.2,18.2%,9.1%,19.8%,Doran (Choi Hyeon-joon),TOP,T1
Nidalee,1,1,0,100%,3.0,5.0,4.0,1.4,409.0,9.13,44.0,0.98,20.1,449,48.6k,1083.9,41.2%,17.6%,23.2%,Doran (Choi Hyeon-joon),TOP,T1
Akali,1,0,1,0%,3.0,3.0,5.0,2.67,346.0,8.02,52.0,1.21,15.7,365,25k,579.8,72.7%,27.3%,20.7%,Doran (Choi Hyeon-joon),TOP,T1
Irelia,1,0,1,0%,4.0,6.0,3.0,1.17,273.0,7.98,21.0,0.61,13.3,387,16.2k,472.2,87.5%,50%,23.2%,Doran (Choi Hyeon-joon),TOP,T1
XinZhao,30,23,7,76.7%,4.87,2.53,9.0,5.47,237.17,7.1,53.4,1.6,13.6,407,19.5k,582.9,73.1%,25.7%,20.8%,Oner,JUNGLE,T1
Nocturne,17,14,3,82.4%,3.71,2.71,9.18,4.76,215.41,6.81,47.0,1.49,12.3,388,16.9k,534.2,67.2%,19.3%,19.9%,Oner,JUNGLE,T1
Pantheon,17,12,5,70.6%,6.06,2.41,6.47,5.2,221.18,7.08,42.12,1.35,12.8,410,17.2k,550.8,72%,34.8%,21.1%,Oner,JUNGLE,T1
JarvanIV,17,10,7,58.8%,3.41,2.76,11.06,5.23,209.82,6.6,46.24,1.45,12.2,383,14.4k,453.7,85.4%,20.1%,20.3%,Oner,JUNGLE,T1
Wukong,15,10,5,66.7%,4.2,2.6,7.27,4.41,226.2,7.04,50.8,1.58,12.4,385,14.2k,441.3,70.8%,25.9%,20.4%,Oner,JUNGLE,T1
Skarner,15,8,7,53.3%,2.8,2.6,9.53,4.74,200.53,5.96,53.87,1.6,11.9,353,14k,414.7,77.7%,17.6%,18.8%,Oner,JUNGLE,T1
Vi,10,4,6,40%,2.8,2.9,6.4,3.17,222.5,7.31,49.2,1.62,11.6,380,10.8k,356.3,68.1%,20.7%,20.7%,Oner,JUNGLE,T1
Sejuani,9,3,6,33.3%,2.33,2.56,8.11,4.09,196.78,5.98,45.11,1.37,11.2,340,14.6k,443.4,75.8%,16.9%,18.8%,Oner,JUNGLE,T1
Trundle,8,6,2,75%,2.75,2.5,11.0,5.5,200.63,6.23,63.38,1.97,12.2,378,10.7k,333.6,84%,16.8%,19.3%,Oner,JUNGLE,T1
LeeSin,7,5,2,71.4%,4.86,2.0,6.86,5.86,211.86,7.13,44.71,1.51,12.2,409,14.3k,481.9,66.1%,27.4%,20.6%,Oner,JUNGLE,T1
Viego,5,2,3,40%,4.8,4.2,3.4,1.95,252.4,7.1,57.4,1.61,13.8,388,13.9k,391,58.6%,34.3%,20.9%,Oner,JUNGLE,T1
Lillia,4,3,1,75%,4.25,2.0,6.0,5.13,257.5,7.77,44.75,1.35,13.5,408,24.8k,748.4,87.2%,36.2%,21.9%,Oner,JUNGLE,T1
Naafiri,3,1,2,33.3%,4.67,4.0,4.0,2.17,242.0,7.01,52.67,1.53,13,375,15.1k,436.5,70.3%,37.8%,20.6%,Oner,JUNGLE,T1
Qiyana,2,1,1,50%,4.5,3.5,5.5,2.86,241.0,7.55,70.0,2.19,13.2,414,17.1k,535,71.4%,32.1%,21.4%,Oner,JUNGLE,T1
Sylas,2,1,1,50%,6.0,3.5,6.0,3.43,234.5,7.56,37.0,1.19,13.1,424,18.4k,594.3,75%,37.5%,21.6%,Oner,JUNGLE,T1
Zed,2,1,1,50%,3.5,2.0,5.0,4.25,204.5,7.29,40.5,1.44,11.1,396,20.1k,716.9,81%,33.3%,21.7%,Oner,JUNGLE,T1
Nidalee,2,0,2,0%,2.5,5.0,9.5,2.4,237.5,6.53,66.5,1.83,13.2,363,22.5k,618.2,75%,15.6%,19.6%,Oner,JUNGLE,T1
DrMundo,1,1,0,100%,0.0,5.0,6.0,1.2,202.0,5.73,45.0,1.28,11.7,331,18k,510.5,60%,0%,18.6%,Oner,JUNGLE,T1
Talon,1,1,0,100%,6.0,0.0,9.0,15,211.0,7.66,40.0,1.45,12.6,459,15.7k,569.6,88.2%,35.3%,22.9%,Oner,JUNGLE,T1
Kindred,1,0,1,0%,4.0,3.0,1.0,1.67,249.0,7.22,55.0,1.59,13.6,393,14.5k,420.5,100%,80%,24%,Oner,JUNGLE,T1
Poppy,1,0,1,0%,0.0,3.0,5.0,1.67,164.0,4.81,55.0,1.61,9.2,270,10.3k,303.2,55.6%,0%,16%,Oner,JUNGLE,T1
Zyra,1,0,1,0%,1.0,3.0,0.0,0.33,161.0,6.88,30.0,1.28,7.5,322,7k,297.9,50%,50%,20.5%,Oner,JUNGLE,T1
Viktor,25,16,9,64%,3.16,2.16,6.16,4.31,290.6,8.87,34.0,1.04,13.6,414,26k,792.6,64.7%,21.9%,21.7%,Faker,MID,T1
Orianna,18,14,4,77.8%,4.67,2.11,8.78,6.37,265.11,8.1,35.33,1.08,13.6,415,27.7k,846,78.1%,27.1%,21.7%,Faker,MID,T1
Ryze,18,11,7,61.1%,3.67,2.72,5.67,3.43,275.11,8.65,31.39,0.99,13.2,414,21.2k,665.4,57.7%,22.7%,21.7%,Faker,MID,T1
Galio,18,9,9,50%,2.06,2.56,8.67,4.2,259.17,8.1,33.44,1.05,12.3,384,15.4k,480.8,69.7%,13.4%,20.5%,Faker,MID,T1
Azir,16,13,3,81.3%,3.81,2.13,6.06,4.65,284.38,8.94,38.56,1.21,13.8,435,22.5k,707.9,55.4%,21.4%,22.1%,Faker,MID,T1
Taliyah,15,12,3,80%,3.6,1.87,10.53,7.57,304.0,8.72,37.47,1.08,14.5,417,25.8k,741,72.6%,18.5%,21.4%,Faker,MID,T1
Sylas,10,6,4,60%,2.7,2.7,7.8,3.89,263.4,7.93,32.9,0.99,12.9,388,18.1k,544.2,60.7%,15.6%,20.5%,Faker,MID,T1
Ahri,10,5,5,50%,3.9,2.4,7.9,4.92,274.1,8.51,35.7,1.11,13.3,413,20.6k,638.6,65.6%,21.7%,21.7%,Faker,MID,T1
Annie,9,6,3,66.7%,2.67,3.44,9.0,3.39,256.56,7.78,35.0,1.06,12.6,382,21.6k,654.2,58.3%,13.3%,19.7%,Faker,MID,T1
Aurora,5,2,3,40%,2.0,2.2,3.2,2.36,249.2,8.7,26.2,0.92,11,384,18.1k,631.7,59.1%,22.7%,21.2%,Faker,MID,T1
Akali,4,2,2,50%,5.0,2.0,6.0,5.5,256.75,8.14,26.5,0.84,12.9,410,22.2k,704.9,58.7%,26.7%,21.8%,Faker,MID,T1
Corki,3,2,1,66.7%,5.67,2.33,5.0,4.57,287.0,9.43,33.0,1.08,14,460,30.6k,1004.2,59.3%,31.5%,23.9%,Faker,MID,T1
Mel,3,2,1,66.7%,5.33,3.33,4.67,3,245.67,7.49,36.0,1.1,12.8,392,24.8k,756.1,57.7%,30.8%,21.2%,Faker,MID,T1
Yone,3,0,3,0%,0.33,3.67,0.67,0.27,241.67,8.75,32.33,1.17,9.5,344,12.7k,458.4,30%,10%,21.3%,Faker,MID,T1
Anivia,2,1,1,50%,2.5,2.5,6.5,3.6,243.5,7.96,27.5,0.9,12,391,19k,620.9,66.7%,18.5%,21.1%,Faker,MID,T1
Hwei,2,1,1,50%,2.0,3.0,10.0,4,226.0,8.06,19.5,0.7,10.4,371,14.7k,524.6,75%,12.5%,20.3%,Faker,MID,T1
TwistedFate,2,1,1,50%,1.5,2.0,6.0,3.75,247.5,8.39,23.5,0.8,12.8,434,13k,441.8,53.6%,10.7%,22.1%,Faker,MID,T1
Cassiopeia,2,0,2,0%,3.0,5.5,4.5,1.36,249.5,7.89,34.0,1.07,12.1,383,24.5k,775.3,71.4%,28.6%,22.5%,Faker,MID,T1
Ambessa,1,1,0,100%,1.0,1.0,6.0,7,239.0,8.2,36.0,1.24,11.6,396,21.8k,746.6,43.8%,6.3%,19.5%,Faker,MID,T1
LeBlanc,1,1,0,100%,8.0,2.0,9.0,8.5,205.0,7.58,26.0,0.96,12.6,465,20.3k,749.4,58.6%,27.6%,22.4%,Faker,MID,T1
Smolder,1,1,0,100%,4.0,1.0,4.0,8,351.0,10.39,46.0,1.36,15.7,465,15.1k,448.3,44.4%,22.2%,22.7%,Faker,MID,T1
Zoe,1,0,1,0%,3.0,2.0,6.0,4.5,356.0,8.25,53.0,1.23,16.1,374,24.9k,577.2,81.8%,27.3%,21.2%,Faker,MID,T1
Jhin,22,16,6,72.7%,5.27,1.32,8.27,10.28,302.91,9.68,31.32,1,14.4,461,22.8k,728.4,72.9%,28.4%,23.5%,Gumayusi,BOT,T1
Xayah,18,14,4,77.8%,4.06,2.0,5.94,5,298.83,9.91,35.56,1.18,13.6,453,20.6k,682.2,58.6%,23.8%,23.4%,Gumayusi,BOT,T1
Varus,15,11,4,73.3%,6.13,2.47,6.93,5.3,301.47,9.28,41.47,1.28,14.9,459,29.6k,910,72.3%,33.9%,23.5%,Gumayusi,BOT,T1
Lucian,14,10,4,71.4%,6.71,2.86,5.57,4.3,321.07,9.75,48.21,1.46,15.5,471,29k,879.5,70.8%,38.7%,24.4%,Gumayusi,BOT,T1
Sivir,12,10,2,83.3%,5.75,2.75,9.25,5.45,332.92,10.18,39.42,1.21,15.9,486,31.7k,967.6,77.9%,29.9%,24.6%,Gumayusi,BOT,T1
Corki,12,5,7,41.7%,5.5,2.83,6.33,4.18,375.0,10.01,44.33,1.18,17.5,468,35.1k,938.3,74.3%,34.6%,25.3%,Gumayusi,BOT,T1
MissFortune,11,7,4,63.6%,5.64,2.0,7.09,6.36,324.91,10,39.18,1.21,15.4,474,26.6k,818.3,72.2%,32%,24.6%,Gumayusi,BOT,T1
Ashe,7,4,3,57.1%,4.29,3.0,7.71,4,276.57,8.97,46.0,1.49,13.2,430,24.9k,807.6,75.7%,27%,22.9%,Gumayusi,BOT,T1
Caitlyn,5,2,3,40%,4.0,2.0,3.8,3.9,362.4,10.05,41.6,1.15,16.4,455,27.1k,752,66.1%,33.9%,25.3%,Gumayusi,BOT,T1
KaiSa,5,2,3,40%,7.0,4.2,5.4,2.95,293.6,9.36,38.2,1.22,15.6,497,24.6k,785.2,77.5%,43.8%,26.7%,Gumayusi,BOT,T1
Kalista,4,3,1,75%,5.0,2.0,5.75,5.38,269.0,9.21,41.0,1.4,13.2,451,17.5k,598.5,68.3%,31.7%,23.4%,Gumayusi,BOT,T1
Jinx,4,2,2,50%,4.75,1.25,5.5,8.2,264.75,9.66,34.25,1.25,12.4,454,20.4k,745.3,74.5%,34.5%,24.5%,Gumayusi,BOT,T1
Yunara,4,1,3,25%,4.0,3.5,4.75,2.5,321.0,9.4,39.0,1.14,14.5,425,25.3k,739.7,71.4%,32.7%,24%,Gumayusi,BOT,T1
Ziggs,4,1,3,25%,3.0,3.0,4.25,2.42,303.25,9.22,30.25,0.92,13.4,406,24.9k,756.3,67.4%,27.9%,22.9%,Gumayusi,BOT,T1
Senna,3,1,2,33.3%,3.0,3.0,5.0,2.67,290.0,8.87,44.33,1.36,13.8,423,25k,764.8,82.8%,31%,23.5%,Gumayusi,BOT,T1
Aphelios,2,1,1,50%,6.0,0.5,3.0,18,287.5,9.76,24.5,0.83,14.3,485,19.1k,649.2,64.3%,42.9%,25.7%,Gumayusi,BOT,T1
Ezreal,2,1,1,50%,3.0,1.5,4.5,5,333.0,10.37,39.5,1.23,14,436,27k,842.1,57.7%,23.1%,22.8%,Gumayusi,BOT,T1
Draven,2,0,2,0%,2.5,3.5,2.0,1.29,279.0,8.94,33.0,1.06,13.3,426,18k,575.7,60%,33.3%,24.7%,Gumayusi,BOT,T1
Rakan,22,14,8,63.6%,0.5,2.64,12.27,4.84,35.14,1.07,132.27,4.03,8.3,253,5.4k,163.5,81%,3.2%,13.4%,Keria,SUPPORT,T1
Neeko,18,10,8,55.6%,1.33,3.56,10.06,3.2,40.56,1.27,123.78,3.88,8.3,261,12.2k,382.8,68.8%,8.1%,13.7%,Keria,SUPPORT,T1
Poppy,17,12,5,70.6%,0.82,2.65,13.0,5.22,38.76,1.18,127.35,3.88,8.6,262,8.5k,259.1,72.8%,4.3%,13.5%,Keria,SUPPORT,T1
Alistar,16,11,5,68.8%,0.44,2.75,13.13,4.93,29.44,0.92,111.63,3.47,7.9,246,5.3k,164.2,79.2%,2.6%,12.7%,Keria,SUPPORT,T1
Bard,14,10,4,71.4%,1.29,2.36,13.43,6.24,34.71,1.04,132.57,3.98,8.9,266,9.8k,293,84.4%,7.4%,13.8%,Keria,SUPPORT,T1
Renata,13,7,6,53.8%,0.62,2.54,12.46,5.15,34.62,1.11,116.15,3.71,8,257,8.3k,265.2,83.3%,3.9%,13.7%,Keria,SUPPORT,T1
Braum,11,8,3,72.7%,0.36,2.55,13.18,5.32,29.91,0.92,116.91,3.6,8.1,251,7.1k,219.2,81.9%,2.2%,13%,Keria,SUPPORT,T1
Rell,8,5,3,62.5%,0.5,4.0,10.88,2.84,31.13,1.03,103.63,3.43,7.4,245,5.7k,187.6,77.8%,3.4%,12.6%,Keria,SUPPORT,T1
Leona,7,6,1,85.7%,0.86,2.86,14.43,5.35,34.57,1,139.29,4.03,9,261,7.9k,227.7,72.3%,4.1%,13%,Keria,SUPPORT,T1
Lulu,7,5,2,71.4%,1.14,1.71,12.57,8,29.86,0.91,114.86,3.48,8.5,257,8k,243.5,80%,6.7%,13.6%,Keria,SUPPORT,T1
Karma,5,3,2,60%,0.4,2.6,12.6,5,41.8,1.11,140.6,3.73,9.1,240,9.7k,256.5,84.4%,2.6%,13.2%,Keria,SUPPORT,T1
TahmKench,5,3,2,60%,0.6,2.2,8.0,3.91,23.2,0.78,95.6,3.23,7.4,249,6.5k,218.8,70.5%,4.9%,13.4%,Keria,SUPPORT,T1
Elise,4,3,1,75%,2.75,2.75,7.25,3.64,35.25,1.18,111.0,3.73,8.7,294,11.2k,375.9,64.5%,17.7%,14.9%,Keria,SUPPORT,T1
Nautilus,4,2,2,50%,1.5,2.25,12.0,6,31.5,1.04,114.5,3.79,8.3,274,7.3k,242.6,76.1%,8.5%,14.2%,Keria,SUPPORT,T1
Blitzcrank,3,2,1,66.7%,1.0,2.0,12.67,6.83,32.0,1.03,111.67,3.58,8,256,7.1k,227.2,70.7%,5.2%,13.2%,Keria,SUPPORT,T1
Pyke,3,1,2,33.3%,2.0,3.67,6.0,2.18,31.0,1.05,106.0,3.58,7.6,258,7.3k,245.9,58.5%,14.6%,13.7%,Keria,SUPPORT,T1
Thresh,3,1,2,33.3%,0.67,3.33,7.0,2.3,36.33,1.23,106.33,3.6,7,238,4.3k,144.2,67.6%,5.9%,13%,Keria,SUPPORT,T1
Gragas,2,2,0,100%,1.5,2.0,12.0,6.75,29.0,0.98,113.5,3.84,8.5,286,8.3k,281.5,61.4%,6.8%,13.8%,Keria,SUPPORT,T1
Seraphine,1,1,0,100%,1.0,2.0,9.0,5,35.0,0.99,108.0,3.06,9.6,272,13.6k,386,100%,10%,15.3%,Keria,SUPPORT,T1
Ashe,1,0,1,0%,0.0,3.0,3.0,1,41.0,1.47,100.0,3.58,6,214,10.5k,377.5,75%,0%,13.8%,Keria,SUPPORT,T1
LeBlanc,1,0,1,0%,1.0,4.0,2.0,0.75,39.0,1.14,117.0,3.42,7.7,226,13.7k,401.1,37.5%,12.5%,13.6%,Keria,SUPPORT,T1
Maokai,1,0,1,0%,0.0,5.0,3.0,0.6,32.0,0.99,111.0,3.45,6.9,214,7.3k,227.1,60%,0%,13%,Keria,SUPPORT,T1
Nami,1,0,1,0%,0.0,4.0,8.0,2,22.0,0.73,108.0,3.58,6.7,221,9.6k,319.9,88.9%,0%,13.7%,Keria,SUPPORT,T1
Pantheon,1,0,1,0%,3.0,8.0,2.0,0.63,43.0,1.36,122.0,3.85,7.9,249,7k,220.8,38.5%,23.1%,14.3%,Keria,SUPPORT,T1
Soraka,1,0,1,0%,0.0,3.0,11.0,3.67,41.0,0.95,151.0,3.5,9.4,218,6.3k,145.7,100%,0%,12.4%,Keria,SUPPORT,T1
